Time,AAPL,MSFT,AMZN,NVDA,GOOGL,XOM,UNH,JNJ,V,BRK.B
0,0.7365622,0.0,0.0,0.0,0.0,0.026719924,0.0,0.0,0.23671788,0.0
1,0.0,0.27750945,0.35804376,0.0,0.0,0.0,0.0,0.0,0.31787798,0.046568748
2,0.2289519,0.30871356,0.0,0.0,0.0,0.30871356,0.06631236,0.0,0.0,0.08730863
3,0.0,0.30647826,0.0,0.3208654,0.05179091,0.0,0.3208654,0.0,0.0,0.0
4,0.21847837,0.21847837,0.21847837,0.0,0.0,0.054073684,0.07201282,0.21847837,0.0,0.0
5,0.2570546,0.2570546,0.0,0.0,0.0,0.2570546,0.0,0.0,0.2288362,0.0
6,0.0,0.33333334,0.33333334,0.0,0.0,0.33333334,0.0,0.0,0.0,0.0
7,0.2155935,0.3065269,0.3065269,0.0,0.0,0.0,0.0,0.0,0.0,0.17135268
8,0.1361147,0.47173092,0.0,0.0,0.0,0.0,0.09609855,0.1378633,0.00391918,0.1542733
9,0.3152191,0.2935953,0.08198891,0.0,0.0,0.0,0.1261417,0.18305503,0.0,0.0
10,0.33333334,0.33333334,0.0,0.0,0.0,0.33333334,0.0,0.0,0.0,0.0
11,0.0,0.36470735,0.0,0.0,0.0,0.27058533,0.0,0.0,0.0,0.36470735
12,0.0,0.35289505,0.25700247,0.0,0.0,0.0,0.10101543,0.0,0.0,0.28908706
13,0.0,0.30424035,0.0,0.0,0.0,0.21943963,0.30424035,0.0,0.0,0.17207971
14,0.35750675,0.3184963,0.0,0.0,0.0,0.0,0.0,0.0,0.32399705,0.0
15,0.0,0.39851323,0.0,0.0,0.0,0.15462406,0.29620162,0.0,0.15066113,0.0
16,0.1358618,0.23164959,0.008989906,0.0,0.18721293,0.0,0.20463619,0.0,0.23164959,0.0
17,0.14780366,0.27954555,0.013559756,0.0,0.0,0.27954555,0.27954555,0.0,0.0,0.0
18,0.0,0.0,1.0,0.0,0.0,0.0,0.0,0.0,0.0,0.0
19,0.0,0.47835737,0.0,0.0,0.0,0.0,0.386319,0.05315589,0.082167774,0.0
20,0.032821603,0.4835892,0.4835892,0.0,0.0,0.0,0.0,0.0,0.0,0.0
21,0.30458146,0.27130336,0.0,0.0,0.047144674,0.13537797,0.01213786,0.0,0.22945473,0.0
22,0.0,0.71490747,0.0,0.0,0.0,0.0,0.0,0.0,0.1707426,0.114349864
23,0.36800906,0.36800906,0.0,0.0,0.0,0.0013181497,0.0,0.10480108,0.0,0.15786268
24,0.17525786,0.22967823,0.0,0.0,0.0,0.22967823,0.18527812,0.0,0.117020905,0.06308676
25,0.24129766,0.0,0.20519091,0.0,0.0,0.0,0.07091612,0.0,0.24129766,0.24129766
26,0.0,0.2009196,0.0,0.028195802,0.0,0.0,0.0,0.0,0.7708846,0.0
27,0.33502197,0.21480337,0.006997088,0.0,0.0,0.0,0.0,0.0,0.3460121,0.09716554
28,0.2263697,0.08034787,0.0,0.0,0.0,0.2263697,0.21565893,0.029471343,0.18912563,0.03265687
29,0.0,0.45413947,0.030495126,0.0,0.0,0.061226007,0.45413947,0.0,0.0,0.0
30,0.0,0.16765498,0.0,0.0,0.0,0.35621807,0.0,0.0,0.47612697,0.0
31,0.0,0.26633513,0.0,0.0,0.0,0.17035285,0.3587726,0.0,0.0,0.20453943
32,0.0,0.6058168,0.0,0.0,0.0,0.095624775,0.2985584,0.0,0.0,0.0
33,0.28970382,0.28970382,0.0,0.0,0.0,0.0,0.2882883,0.0,0.06481424,0.067489915
34,0.0,0.15113066,0.14288114,0.0,0.054821473,0.15113066,0.15113066,0.06692786,0.15113066,0.13084687
35,0.0,0.37983423,0.0,0.0,0.0,0.24033153,0.37983423,0.0,0.0,0.0
36,0.0,0.0040428205,0.0,0.09684657,0.0,0.10552808,0.39026722,0.07673222,0.32658303,0.0
37,0.27810568,0.16568303,0.0,0.0,0.0,0.0,0.27810568,0.0,0.27810568,0.0
38,0.10523711,0.074416265,0.0,0.004486561,0.17608412,0.20754957,0.0,0.18691085,0.045584846,0.1997307
39,0.26022875,0.055206366,0.0,0.0,0.35294762,0.0,0.33161733,0.0,0.0,0.0
40,0.0756229,0.35274094,0.0,0.0,0.0,0.0,0.12029415,0.0,0.17352997,0.27781197
41,0.308595,0.5331613,0.0,0.0,0.0,0.0,0.0,0.0,0.1582437,0.0
42,0.15187036,0.021767706,0.2824842,0.0,0.0,0.08183341,0.22730334,0.0,0.17762102,0.05711994
43,0.0,0.43842325,0.06019633,0.0,0.06295715,0.0,0.43842325,0.0,0.0,0.0
44,0.0,0.5808151,0.33171287,0.0,0.08747198,0.0,0.0,0.0,0.0,0.0
45,0.0,0.0,0.3412416,0.0,0.0,0.4143098,0.2444486,0.0,0.0,0.0
46,0.0,0.63690597,0.03294749,0.0,0.0,0.0,0.0,0.0,0.0,0.33014655
47,0.0,0.3029321,0.0,0.0,0.0,0.3029321,0.3029321,0.0,0.091203615,0.0
48,0.065703675,0.24409725,0.24409725,0.0,0.0,0.24409725,0.20200461,0.0,0.0,0.0
49,0.0,0.0,0.12867524,0.0,0.0,0.6311387,0.14666092,0.0,0.0,0.093525104
50,0.0,0.5472269,0.0,0.0,0.0,0.38709834,0.0,0.0,0.0,0.06567471
51,0.0,0.43749976,0.0,0.0,0.0,0.17033184,0.0,0.27539447,0.0,0.11677392
52,0.0,0.07469939,0.44249442,0.0,0.0,0.30121264,0.1815936,0.0,0.0,0.0
53,0.05677982,0.05181623,0.3119357,0.0,0.1020976,0.28238872,0.14615567,0.0,0.0,0.04882632
54,0.0,0.3147217,0.0,0.035617325,0.0,0.3147217,0.3147217,0.0,0.0,0.020217579
55,0.19572735,0.0,0.0,0.0,0.0,0.0050955075,0.0,0.14555167,0.31715572,0.3364697
56,0.21908748,0.21908748,0.2055601,0.0,0.1468941,0.0,0.091199,0.0,0.08185693,0.03631487
57,0.0,0.0,0.28096026,0.0,0.0,0.1336882,0.08204458,0.0,0.44513574,0.058171246
58,0.18898849,0.20420597,0.0896084,0.0,0.0028152086,0.2580601,0.2563218,0.0,0.0,0.0
59,0.0,0.2881771,0.19455928,0.0,0.10147934,0.048552077,0.07905518,0.0,0.2881771,0.0
60,0.0,0.30492336,0.0,0.0,0.0,0.30492336,0.0,0.1760696,0.0,0.21408364
61,0.0,0.4113458,0.0,0.0,0.0,0.4113458,0.17730838,0.0,0.0,0.0
62,0.0,0.40610555,0.0,0.0,0.0,0.0,0.0,0.0,0.32012448,0.27376997
63,0.0,0.5255254,0.27340236,0.0,0.0,0.20107223,0.0,0.0,0.0,0.0
64,0.041349407,0.49260187,0.0,0.0,0.46604875,0.0,0.0,0.0,0.0,0.0
65,0.39268366,0.19475974,0.05037904,0.0,0.0,0.0,0.2593156,0.0,0.09553907,0.007322814
66,0.0,0.41831318,0.0,0.0,0.38094074,0.050204482,0.0,0.0,0.15054159,0.0
67,0.03721094,0.0,0.0,0.0,0.41670218,0.36183265,0.0,0.0,0.0,0.18425423
68,0.34620056,0.45780304,0.0,0.0,0.0,0.0,0.0,0.0,0.0,0.19599643
69,0.11695654,0.0,0.09316826,0.0,0.0,0.0,0.7898752,0.0,0.0,0.0
70,0.23841283,0.3807936,0.0,0.0,0.0,0.0,0.3807936,0.0,0.0,0.0
71,0.0,0.0,0.08830394,0.0,0.21389319,0.6797247,0.018078163,0.0,0.0,0.0
72,0.0,0.0,0.0,0.0,0.0,0.0,1.0,0.0,0.0,0.0
73,0.085669644,0.2682491,0.2207761,0.0,0.0,0.2682491,0.0,0.0,0.0,0.15705612
74,0.0,0.11138754,0.17222226,0.0,0.0,0.2863919,0.1436064,0.0,0.2863919,0.0
75,0.3174213,0.0,0.10202066,0.0,0.015068997,0.0,0.35048273,0.0,0.21500628,0.0
76,0.0,0.07217341,0.079453215,0.0,0.0,0.17743371,0.14503211,0.0,0.18574038,0.34016716
77,0.06295621,0.17862368,0.0,0.17862368,0.0,0.17862368,0.17862368,0.0,0.09693977,0.12560935
78,0.0041920627,0.2524197,0.0,0.041642297,0.0,0.0069884993,0.3473787,0.0,0.3473787,0.0
79,0.39768785,0.0,0.0,0.0,0.0,0.0,0.0,0.0,0.0,0.60231215
80,0.09536401,0.14140242,0.08470929,0.0,0.0,0.28539592,0.3931284,0.0,0.0,0.0
81,0.0,0.19335489,0.26871705,0.0,0.0,0.0,0.17857492,0.16720457,0.0,0.19214852
82,0.06610399,0.3109648,0.0,0.05499836,0.0,0.0,0.0,0.0,0.56793284,0.0
83,0.0,0.28493834,0.0,0.0,0.0,0.0,0.39206725,0.0,0.0,0.3229944
84,0.20219037,0.0,0.0,0.0,0.19743969,0.09998589,0.4193182,0.046846088,0.03421972,0.0
85,0.0,0.11840593,0.0,0.0,0.0,0.44079703,0.0,0.44079703,0.0,0.0
86,0.0,0.15738013,0.0,0.0,0.0,0.0,0.22735484,0.453325,0.16194,0.0
87,0.0,0.2471657,0.0,0.0,0.37469727,0.003439744,0.37469727,0.0,0.0,0.0
88,0.0,0.40323457,0.036373008,0.21137477,0.18175381,0.15024395,0.0,0.013493991,0.0,0.0035258897
89,0.3347362,0.3347362,0.0,0.0,0.026763925,0.0,0.067618914,0.20253892,0.03360588,0.0
90,0.2868139,0.3382375,0.022135664,0.0,0.0,0.0,0.3382375,0.0,0.014575454,0.0
91,0.0,0.3592476,0.0,0.0,0.0,0.0,0.64075243,0.0,0.0,0.0
92,0.0,0.0,0.1629803,0.0,0.1924049,0.0,0.17796578,0.0,0.0,0.46664912
93,0.0,0.15685908,0.3145845,0.0,0.0,0.18993232,0.027463187,0.19215718,0.0,0.11900367
94,0.5468396,0.0,0.007527323,0.0,0.0,0.0,0.0,0.0,0.0,0.4456331
95,0.0,0.32961586,0.09042387,0.0,0.0,0.0,0.31596175,0.0,0.26399848,0.0
96,0.0,0.4661025,0.4661025,0.0,0.0031813025,0.0,0.06461368,0.0,0.0,0.0
97,0.23475607,0.23475607,0.0,0.0,0.0,0.1531836,0.23475607,0.0,0.14254825,0.0
98,0.0,0.21173497,0.21173497,0.03799635,0.10196584,0.08500495,0.06616296,0.20274344,0.08265656,0.0
99,0.0,0.7539995,0.06319629,0.0,0.0,0.0,0.18280432,0.0,0.0,0.0
100,0.042421967,0.067251466,0.41702712,0.0,0.060568,0.4127314,0.0,0.0,0.0,0.0
101,0.08650418,0.27563098,0.0,0.0,0.0,0.11269891,0.24953493,0.0,0.27563098,0.0
102,0.03301593,0.0,0.0,0.0,0.0,0.5515861,0.0,0.0,0.31910884,0.09628919
103,0.0,0.36056435,0.32673383,0.027722586,0.0,0.0,0.28493595,0.0,0.0,4.326738e-05
104,0.0,0.0,0.19003665,0.0,0.2199577,0.29500282,0.0,0.0,0.29500282,0.0
105,0.0,0.41895065,0.0,0.0,0.1540311,0.0,0.41895065,0.008067612,0.0,0.0
106,0.49505413,0.054637138,0.0,0.0,0.03322692,0.10903607,0.1469609,0.0,0.0,0.1610848
107,0.0,0.30535868,0.0,0.0,0.23494086,0.0071991673,0.30535868,0.0,0.0,0.14714263
108,0.08846134,0.21994899,0.21994899,0.0,0.0,0.21994899,0.0,0.0,0.21994899,0.031742685
109,0.26015246,0.26015246,0.0,0.0,0.15588507,0.025082385,0.26015246,0.0,0.0,0.038575143
110,0.08076323,0.23945037,0.23945037,0.0,0.0,0.2008857,0.0,0.0,0.0,0.23945037
111,0.0,0.1765561,0.0,0.0,0.0,0.0,0.41172197,0.0,0.0,0.41172197
112,0.0,0.70579475,0.0,0.0,0.0,0.0,0.0,0.0,0.29420522,0.0
113,0.0,0.36655614,0.0,0.0,0.0,0.09137186,0.0,0.0,0.17551588,0.36655614
114,0.21998526,0.23025045,0.23025045,0.0,0.0,0.004967446,0.084295996,0.0,0.23025045,0.0
115,0.117710754,0.0,0.0,0.2790703,0.04507838,0.0,0.2790703,0.2790703,0.0,0.0
116,0.0,0.0,0.4426408,0.0,0.0,0.08584512,0.0,0.0,0.4426408,0.028873164
117,0.0,0.29275438,0.102285944,0.0,0.18531093,0.06480955,0.29275438,0.0,0.0,0.062084794
118,0.026009766,0.19550052,0.0,0.0,0.0,0.20319554,0.28764707,0.28764707,0.0,0.0
119,0.0,0.37511587,0.0,0.0,0.0,0.0,0.016362619,0.0,0.22700517,0.3815163
120,0.2705505,0.3876983,0.0,0.0,0.0,0.3417512,0.0,0.0,0.0,0.0
121,0.0,0.17788385,0.0,0.0,0.0,0.15195802,0.25386864,0.25386864,0.043773383,0.11864749
122,0.036919706,0.31347856,0.0,0.0,0.13251667,0.0,0.30822083,0.0,0.20886423,0.0
123,0.19662215,0.19662215,0.19334579,0.0,0.0,0.102521904,0.16399337,0.0,0.022349618,0.12454496
124,0.0,0.018658606,0.0,0.0,0.0,0.43579873,0.43579873,0.109743915,0.0,0.0
125,0.0,0.24879332,0.24879332,0.0,0.0,0.12734713,0.24879332,0.0,0.12627293,0.0
126,0.1460914,0.36826393,0.0,0.0,0.0,0.4663524,0.019292284,0.0,0.0,0.0
127,0.0,0.0,0.3582646,0.0,0.0,0.06035532,0.3582646,0.05713603,0.16597947,0.0
128,0.0,0.42474902,0.23271777,0.0,0.0,0.0,0.0,0.117489755,0.0,0.22504345
129,0.0,0.36271632,0.0,0.0,0.0,0.20608391,0.34618223,0.0,0.0,0.085017554
130,0.0,0.2206979,0.10467449,0.0,0.05552393,0.2206979,0.0,0.115674675,0.2206979,0.06203315
131,0.22655164,0.00670164,0.16203766,0.0,0.039029334,0.22655164,0.0,0.0,0.22655164,0.112576455
132,0.17465502,0.21002522,0.21002522,0.0,0.05139426,0.21002522,0.14387505,0.0,0.0,0.0
133,0.0,0.52328724,0.23383781,0.0,0.0,0.242875,0.0,0.0,0.0,0.0
134,0.0,0.037028965,0.5346389,0.0,0.0,0.0,0.0,0.0,0.0,0.42833212
135,0.0,0.8302062,0.0,0.0,0.0,0.0,0.0,0.08680607,0.0,0.082987726
136,0.0,0.3029412,0.0,0.0,0.0,0.0,0.0,0.0,0.21596447,0.4810944
137,0.0,0.26964906,0.0762393,0.0,0.0,0.0,0.39917326,0.0,0.25493836,0.0
138,0.36737648,0.36737648,0.0,0.1014172,0.0,0.16382991,0.0,0.0,0.0,0.0
139,0.19402063,0.0,0.19364242,0.0,0.0,0.1350341,0.2350593,0.0,0.24224357,0.0
140,0.25313932,0.46100053,0.2858602,0.0,0.0,0.0,0.0,0.0,0.0,0.0
141,0.0,0.2914488,0.0,0.0,0.0,0.0,0.58665115,0.0,0.0,0.12190001
142,0.0,0.0,0.44283348,0.0,0.0,0.0,0.49162534,0.0,0.0,0.06554118
143,0.6335451,0.0,0.0,0.0,0.0,0.11210411,0.0,0.0,0.25435078,0.0
144,0.17079554,0.2603189,0.0,0.0,0.0,0.24957904,0.0,0.010574282,0.3087322,0.0
145,0.25253356,0.0,0.0,0.0,0.25253356,0.2391038,0.25253356,0.0,0.0,0.0032955715
146,0.0,0.51458603,0.0,0.0,0.050373387,0.0,0.0,0.0,0.0,0.4350406
147,0.3113312,0.34208006,0.0,0.0,0.0,0.0,0.0,0.0,0.07881908,0.26776963
148,0.0,0.0,0.0,0.0,0.0,0.0,0.0,0.0,0.56001145,0.43998855
149,0.0,0.0,0.0,0.0,0.2991264,0.4839735,0.0,0.0,0.0,0.21690007
150,0.0,0.40300557,0.10455588,0.0,0.0,0.0,0.40300557,0.0,0.089432895,0.0
151,0.52895164,0.0,0.0,0.0,0.0,0.0,0.47104833,0.0,0.0,0.0
152,0.24429348,0.41919586,0.15685542,0.0,0.0,0.0,0.17965521,0.0,0.0,0.0
153,0.027458133,0.0,0.0,0.0,0.51916796,0.0,0.45337394,0.0,0.0,0.0
154,0.2783053,0.035758328,0.057495758,0.0,0.0,0.2692934,0.2711769,0.0,0.08797031,0.0
155,0.0,0.0,0.08276085,0.0,0.0,0.23319341,0.3420229,0.0,0.0,0.3420229
156,0.0,0.9795425,0.0,0.0,0.0,0.0,0.0,0.0,0.0,0.020457458
157,0.0,0.29098073,0.35208905,0.0,0.0,0.16141191,0.0,0.0,0.13196303,0.06355533
158,0.0,0.32901928,0.0,0.0,0.0,0.32901928,0.0,0.0,0.012942098,0.32901928
159,0.0,0.92661965,0.0,0.0,0.0,0.0,0.0,0.0733804,0.0,0.0
160,0.010109322,0.37464115,0.30030367,0.0,0.0,0.0,0.0,0.0,0.3149459,0.0
161,0.0,0.33780065,0.07832414,0.0,0.0,0.0,0.33956742,0.051992454,0.0,0.19231533
162,0.23886688,0.24496257,0.20651476,0.0,0.0,0.0,0.0,0.21952909,0.09012676,0.0
163,0.18615757,0.4043179,0.016692366,0.0,0.0,0.0,0.3213963,0.0,0.0,0.071435906
164,0.21914458,0.0,0.10992667,0.0,0.0,0.32102105,0.0,0.06333827,0.25933802,0.027231446
165,0.19133647,0.49477318,0.26548773,0.0,0.0,0.0,0.0,0.048402566,0.0,0.0
166,0.25037774,0.23750089,0.25037774,0.0004064911,0.037868053,0.04524392,0.0,0.0,0.17822513,0.0
167,0.17998351,0.20213728,0.0,0.0,0.0,0.0,0.0,0.0,0.30792457,0.30995464
168,0.18818624,0.25557905,0.0,0.0,0.010474952,0.00078901503,0.27248538,0.0,0.0,0.27248538
169,0.16039214,0.0,0.0,0.0,0.0,0.0,0.8396079,0.0,0.0,0.0
170,0.0,0.46985915,0.02176714,0.0,0.01776466,0.0,0.0,0.09509346,0.0,0.39551553
171,0.0,0.26464617,0.0,0.0,0.0,0.0,0.26464617,0.20606148,0.26464617,0.0
172,0.0,0.07996489,0.20143364,0.0,0.015640087,0.005303333,0.0,0.0,0.14556617,0.5520919
173,0.0,0.0,0.0,0.0,0.0,0.0,0.56428564,0.0,0.0,0.43571436
174,0.0,0.28936863,0.14465293,0.0,0.0,0.16297364,0.28936863,0.0,0.11363614,0.0
175,0.0,0.64207035,0.22350115,0.0,0.0,0.024082655,0.0,0.0,0.11034586,0.0
176,0.035184685,0.96481526,0.0,0.0,0.0,0.0,0.0,0.0,0.0,0.0
177,0.057819545,0.0,0.12959558,0.0,0.32718423,0.0,0.36599395,0.0,0.11940666,0.0
178,0.0,0.0,0.0,0.0,0.0,0.0,0.750951,0.0,0.034095824,0.21495317
179,0.18822913,0.0,0.0,0.0,0.0,0.061805353,0.29986697,0.0,0.29986697,0.15023154
180,0.29911554,0.0,0.0,0.0,0.0,0.20492326,0.0,0.0,0.20934233,0.28661883
181,0.28323224,0.7167677,0.0,0.0,0.0,0.0,0.0,0.0,0.0,0.0
182,0.16145983,0.3572727,0.14118136,0.0,0.0,0.1128915,0.13633798,0.0,0.0908566,0.0
183,0.3147693,0.0,0.3147693,0.0,0.0,0.0,0.0,0.0,0.3147693,0.055692155
184,0.1364994,0.23734705,0.23734705,0.0,0.0,0.23734705,0.15145952,0.0,0.0,0.0
185,0.0,0.44479436,0.44479436,0.0,0.0,0.06243571,0.04797555,0.0,0.0,0.0
186,0.0,0.0,0.0,0.0,0.0,0.46915564,0.46915564,0.0,0.061688755,0.0
187,0.2142723,0.2142723,0.0,0.0,0.0,0.0,0.20759417,0.0,0.2142723,0.14958897
188,0.43945017,0.050109405,0.070990294,0.0,0.0,0.0,0.43945017,0.0,0.0,0.0
189,0.0,0.29581,0.0,0.0,0.0,0.11256992,0.29581,0.0,0.29581,0.0
190,0.28873393,0.3243813,0.0,0.0,0.0,0.0,0.3243813,0.0024562522,0.06004715,0.0
191,0.040819947,0.21673527,0.21673527,0.0,0.0,0.0,0.06975897,0.21673527,0.21673527,0.022479888
192,0.0,0.17518078,0.0,0.0,0.0,0.0,0.30774596,0.07283917,0.30774596,0.1364881
193,0.0,0.0,0.0,0.0,0.0,0.0,0.39294353,0.0,0.29068467,0.31637177
194,0.0,0.5689465,0.032269184,0.0,0.09999391,0.036348026,0.0,0.0,0.2624425,0.0
195,0.0,0.25,0.25,0.0,0.0,0.25,0.25,0.0,0.0,0.0
196,0.21221669,0.17743449,0.053326227,0.0,0.0,0.11618182,0.21221669,0.01640745,0.21221669,0.0
197,0.06356897,0.0,0.0,0.0,0.0,0.0,0.644524,0.0,0.29190704,0.0
198,0.0,0.24578227,0.0,0.0,0.0,0.35814634,0.0,0.22317196,0.1728994,0.0
199,0.0,0.3601564,0.33365095,0.0,0.0,0.0,0.30619276,0.0,0.0,0.0
200,0.0,0.39097968,0.41198993,0.0,0.0,0.0,0.0,0.0,0.19703044,0.0
201,0.0,0.69662684,0.0,0.0,0.0,0.0,0.3033731,0.0,0.0,0.0
202,0.0,0.13072675,0.0,0.18938407,0.0,0.24217123,0.0,0.0,0.19554675,0.24217123
203,0.0,0.3427672,0.10253118,0.0,0.0,0.55470157,0.0,0.0,0.0,0.0
204,0.18650022,0.3168021,0.10677123,0.0,0.0,0.0,0.0,0.2435593,0.0,0.14636713
205,0.0,0.0,0.0,0.0,0.0,0.0,0.0,0.21848083,0.0,0.7815192
206,0.0,0.0,0.0,0.0,0.46781117,0.53218883,0.0,0.0,0.0,0.0
207,0.0,0.0,0.0,0.0,0.0,0.0,0.42528215,0.0,0.2927162,0.28200167
208,0.5065457,0.043301653,0.2878734,0.0,0.0,0.0,0.0,0.0,0.16227917,0.0
209,0.0,0.015860742,0.29788524,0.0,0.29788524,0.0,0.23734172,0.151027,0.0,0.0
210,0.0,0.5,0.5,0.0,0.0,0.0,0.0,0.0,0.0,0.0
211,0.0,0.9571723,0.0,0.0,0.0,0.042827778,0.0,0.0,0.0,0.0
212,0.0,0.31926286,0.31926286,0.0,0.0,0.0,0.0,0.0021407863,0.040070698,0.31926286
213,0.16850185,0.23458989,0.43638176,0.0,0.0,0.0,0.0,0.0630407,0.09748569,0.0
214,0.0,0.19010986,0.12526111,0.0,0.0,0.0,0.0827992,0.12798855,0.47384122,0.0
215,0.14081402,0.46927637,0.0,0.0,0.0,0.0,0.16024694,0.10506117,0.0,0.12460148
216,0.25892466,0.37117377,0.14149392,0.0,0.0,0.07461414,0.09328534,0.0,0.0,0.06050821
217,0.38505006,0.0,0.0,0.0,0.22989987,0.0,0.38505006,0.0,0.0,0.0
218,0.0,0.18777892,0.1595045,0.0,0.051157407,0.18777892,0.18777892,0.0,0.18777892,0.038222373
219,0.0,0.109814696,0.0,0.0,0.17105795,0.0,0.22009602,0.21623419,0.0,0.28279716
220,0.39555588,0.031120334,0.0,0.0,0.0,0.48507243,0.0,0.0,0.0,0.08825138
221,0.0,0.5,0.0,0.0,0.0,0.0,0.0,0.0,0.0,0.5
222,0.0,0.12719524,0.077599406,0.074332744,0.0,0.32501912,0.32501912,0.0,0.070834406,0.0
223,0.38864365,0.0,0.07738701,0.0,0.11869383,0.0,0.0,0.0,0.4152755,0.0
224,0.2968884,0.2968884,0.0,0.0,0.10933474,0.2968884,0.0,0.0,0.0,0.0
225,0.0,0.0,0.0715048,0.0,0.0,0.3519033,0.1940668,0.38252512,0.0,0.0
226,0.0,0.47603732,0.0,0.1351496,0.0,0.3303687,0.0,0.0,0.0,0.05844433
227,0.0,0.111850165,0.2311966,0.0,0.0,0.036775142,0.42797697,0.0,0.0,0.19220114
228,0.54053867,0.0,0.0,0.0,0.0,0.34149382,0.11796756,0.0,0.0,0.0
229,0.0,0.3120642,0.0,0.0,0.0,0.28234765,0.0,0.0,0.21388109,0.19170713
230,0.17194565,0.012623017,0.24405007,0.0,0.0,0.24405007,0.051346656,0.0,0.05609869,0.21988586
231,0.0,0.21850885,0.21850885,0.0,0.09091619,0.21639846,0.052392352,0.034771986,0.16850333,0.0
232,0.36251393,0.0,0.0,0.0,0.24807626,0.0,0.0,0.2026859,0.18672393,0.0
233,0.0,0.27212247,0.04063605,0.0,0.0,0.30947366,0.30947366,0.06829419,0.0,0.0
234,0.0,0.0,0.0,0.0,0.0,0.31039643,0.0,0.0,0.2409619,0.4486417
235,0.14971526,0.6631044,0.017321402,0.0,0.0,0.0,0.0,0.16985883,0.0,0.0
236,0.0,0.28636396,0.0,0.0,0.0,0.14090815,0.28636396,0.0,0.0,0.28636396
237,0.18742967,0.20762745,0.014520003,0.0,0.11416761,0.25829157,0.13979325,0.0,0.078170545,0.0
238,0.18260615,0.08612962,0.0053875977,0.0,0.4977396,0.0,0.0,0.0,0.22813705,0.0
239,0.17448968,0.2976344,0.2976344,0.0,0.17369942,0.05654213,0.0,0.0,0.0,0.0
240,0.0,0.27753624,0.27753624,0.0,0.17207235,0.0,0.21047865,0.0,0.0,0.06237655
241,0.0,0.4280417,0.4280417,0.0,0.0,0.0,0.0,0.0,0.0,0.14391659
242,0.0,0.066117436,0.030394826,0.0,0.0,0.5504851,0.0,0.0,0.0,0.35300273
243,0.0,0.5572228,0.020874495,0.0,0.0,0.0,0.0,0.0,0.101266995,0.3206358
244,0.065950036,0.2981864,0.2981864,0.0,0.0,0.0,0.2981864,0.039490752,0.0,0.0
245,0.0,0.0,0.0,0.0,0.39768234,0.009081574,0.19608833,0.0,0.25095224,0.14619562
246,0.0,0.42623627,0.0,0.0,0.14752743,0.0,0.0,0.42623627,0.0,0.0
247,0.0,0.0,1.0,0.0,0.0,0.0,0.0,0.0,0.0,0.0
248,0.05557756,0.15689911,0.0,0.12286752,0.019580621,0.0,0.18551362,0.20506316,0.20506316,0.04943523
249,0.23025055,0.0,0.10825797,0.0,0.20231357,0.1411233,0.23025055,0.0,0.08780396,0.0
250,0.0,0.6335004,0.0,0.0,0.0,0.25560352,0.0,0.110896066,0.0,0.0
251,0.46426946,0.0,0.4656691,0.0,0.0,0.0,0.05925426,0.0,0.010807185,0.0
252,0.0,0.43075973,0.0,0.0,0.43075973,0.0,0.0,0.10390722,0.034573287,0.0
253,0.0,0.0,0.054933313,0.0,0.0,0.0,0.4938055,0.0,0.0,0.45126122
254,0.14719832,0.0,0.14554235,0.0,0.16969578,0.2881525,0.012877412,0.0,0.23653375,0.0
255,0.0,1.0,0.0,0.0,0.0,0.0,0.0,0.0,0.0,0.0
256,0.24134797,0.27966103,0.11291746,0.0,0.0,0.0,0.24153015,0.12454338,0.0,0.0
257,0.0,0.4280586,0.0,0.0,0.0,0.18600288,0.36076924,0.0,0.0,0.025169257
258,0.112504564,0.39536485,0.0,0.0,0.0832897,0.0,0.0,0.013476049,0.39536485,0.0
259,0.0,0.0040974123,0.0,0.0,0.0,0.0,0.4979513,0.0,0.0,0.4979513
260,0.23223959,0.20500353,0.0,0.0,0.0,0.32475853,0.0049059647,0.0,0.0,0.23309234
261,0.0,0.38494962,0.0,0.0,0.0,0.28661296,0.0,0.0,0.272893,0.055544335
262,0.0,0.48549715,0.0,0.0,0.09909773,0.0,0.0,0.0,0.0,0.41540512
263,0.0,0.30843052,0.080233954,0.0,0.0,0.17614925,0.09890407,0.0,0.30843052,0.027851703
264,0.0,0.6993579,0.0,0.0,0.0,0.0,0.0,0.0,0.30064207,0.0
265,0.0,0.34121963,0.004698021,0.0,0.0,0.13555871,0.34121963,0.0,0.17730401,0.0
266,0.0,0.4160922,0.026246535,0.0,0.1415691,0.0,0.0,0.4160922,0.0,0.0
267,0.0,0.30895197,0.0,0.0,0.0,0.0,0.02948216,0.23186168,0.30895197,0.12075221
268,0.0,0.35017195,0.03681762,0.0,0.0,0.06470778,0.0,0.007571523,0.19055918,0.35017195
269,0.0,0.62821764,0.0,0.0,0.0,0.0,0.0,0.0,0.0,0.3717824
270,0.06574344,0.1014042,0.22950104,0.0,0.20460628,0.016130924,0.2525107,0.0,0.13010338,0.0
271,0.5,0.5,0.0,0.0,0.0,0.0,0.0,0.0,0.0,0.0
272,0.28228548,0.44006622,0.112863906,0.0,0.050801456,0.0,0.0,0.0,0.11398298,0.0
273,0.0,0.0,0.0,0.0,0.0,1.0,0.0,0.0,0.0,0.0
274,0.35343567,0.35604975,0.10330654,0.0,0.12650685,0.06070118,0.0,0.0,0.0,0.0
275,0.0,0.25560814,0.0191568,0.0,0.25560814,0.0,0.25560814,0.0,0.21401879,0.0
276,0.070526354,0.0,0.16004297,0.0,0.0,0.25647688,0.25647688,0.0,0.25647688,0.0
277,0.2512592,0.0,0.0,0.0,0.19353175,0.062824085,0.0,0.4421658,0.050219104,0.0
278,0.1973043,0.3390165,0.15669994,0.0,0.0,0.0,0.13135798,0.0,0.0,0.17562124
279,0.0,0.5658296,0.0,0.0,0.0,0.29309484,0.0,0.0,0.0,0.14107563
280,0.0,0.3853044,0.015786592,0.0,0.0,0.0,0.3853044,0.0,0.0,0.21360463
281,0.0,0.0,0.12861234,0.0,0.0,0.0,0.0,0.52464914,0.0,0.3467385
282,0.35280925,0.35280925,0.0,0.0,0.0,0.0,0.17986302,0.0,0.11451848,0.0
283,0.0,0.43590257,0.0,0.0,0.0,0.35299423,0.0,0.0,0.21110325,0.0
284,0.0,0.0,0.0,0.0,0.0,0.24354848,0.0,0.2741666,0.2741666,0.20811826
285,0.39377004,0.0,0.32320288,0.0,0.0,0.0,0.0,0.0,0.05215315,0.230874
286,0.32774696,0.25381193,0.0,0.0,0.0,0.0,0.090694144,0.0,0.32774696,0.0
287,0.0,0.37642342,0.0,0.0,0.3252233,0.0,0.23398094,0.0,0.0,0.06437246
288,0.0,0.41548944,0.09417869,0.0,0.0,0.41548944,0.0,0.0,0.0,0.074842386
289,0.009186518,0.279553,0.031603154,0.0,0.0,0.08979004,0.32323715,0.21822377,0.048406377,0.0
290,0.2021683,0.2021683,0.0,0.0,0.0,0.0,0.2021683,0.0,0.19132683,0.2021683
291,0.27464288,0.0725315,0.0,0.27464288,0.0,0.27464288,0.0,0.094119884,0.009420024,0.0
292,0.1614549,0.0,0.0,0.0,0.0,0.468348,0.0,0.0,0.0,0.37019715
293,0.27857664,0.0,0.0,0.09415547,0.11572537,0.17707807,0.0,0.3344644,0.0,0.0
294,0.30882815,0.30882815,0.0,0.0,0.0,0.14920859,0.0,0.0,0.23313515,0.0
295,0.05195176,0.20883103,0.0,0.0,0.080770776,0.002698091,0.3720316,0.0054577533,0.0,0.27825898
296,0.0,0.0,0.0,0.0,0.2641403,0.23793559,0.23904063,0.0,0.25888348,0.0
297,0.0,0.0,0.0,0.0,0.042028975,0.5665302,0.3914408,0.0,0.0,0.0
298,0.0,0.51339555,0.48660442,0.0,0.0,0.0,0.0,0.0,0.0,0.0
299,0.0,0.40438437,0.25657332,0.0,0.0,0.0,0.1549493,0.18409304,0.0,0.0
300,0.0,0.61100966,0.0,0.0,0.0,0.38899034,0.0,0.0,0.0,0.0
301,0.0,0.27410036,0.0,0.0,0.0,0.18988743,0.0,0.0,0.40824232,0.12776999
302,0.0,0.0,0.49040487,0.0,0.0,0.019190202,0.49040487,0.0,0.0,0.0
303,0.0,0.0,1.0,0.0,0.0,0.0,0.0,0.0,0.0,0.0
304,0.14309382,0.24415496,0.0,0.0,0.0,0.000638048,0.14084226,0.0,0.22711585,0.24415496
305,0.22373366,0.069684505,0.16419925,0.12705134,0.0,0.19159758,0.0,0.0,0.0,0.22373366
306,0.0,0.33961633,0.0,0.0,0.0,0.33961633,0.0,0.0,0.32076737,0.0
307,0.27017415,0.27017415,0.07034038,0.0,0.0,0.27017415,0.0,0.0,0.11913721,0.0
308,0.34432086,0.20460078,0.0,0.0,0.21717387,0.23390454,0.0,0.0,0.0,0.0
309,0.062021345,0.23449467,0.0,0.0,0.0,0.23449467,0.23449467,0.0,0.23449467,0.0
310,0.0,0.71328026,0.24706301,0.0,0.0,0.0,0.039656747,0.0,0.0,0.0
311,0.0,0.48797822,0.41303274,0.0,0.0,0.02329284,0.0,0.0,0.07569623,0.0
312,0.43185186,0.3292839,0.0,0.0,0.23886424,0.0,0.0,0.0,0.0,0.0
313,0.0,0.5420686,0.0,0.0,0.0,0.0,0.0,0.24733326,0.07998843,0.1306097
314,0.11518962,0.24627271,0.24627271,0.0,0.0,0.0,0.24627271,0.0,0.028918996,0.1170733
315,0.2792619,0.2792619,0.2792619,0.0,0.0,0.10261555,0.0,0.0,0.0,0.059598774
316,0.0,0.0,0.30679256,0.0,0.0,0.0,0.0,0.0,0.6932074,0.0
317,0.0,0.25834736,0.071610995,0.0,0.0,0.33502084,0.33502084,0.0,0.0,0.0
318,0.0,0.37622413,0.16441937,0.0,0.017325563,0.0,0.442031,0.0,0.0,0.0
319,0.21714562,0.21714562,0.0,0.0,0.0,0.0444056,0.21714562,0.121251665,0.18290584,0.0
320,0.0,0.2314651,0.0,0.0,0.0,0.033791136,0.34866875,0.085849546,0.3002255,0.0
321,0.0,0.2930027,0.0,0.0,0.0,0.2930027,0.2930027,0.0,0.12099192,0.0
322,0.0,0.18953499,0.0,0.0,0.3166728,0.4937922,0.0,0.0,0.0,0.0
323,0.0,0.20987473,0.0,0.0,0.22545268,0.32072306,0.0,0.0,0.2439495,0.0
324,0.08372137,0.17517701,0.0,0.0,0.1231596,0.06503011,0.26786706,0.16465007,0.1203948,0.0
325,0.31699124,0.14093956,0.0,0.0,0.0,0.0,0.013850459,0.0,0.18402223,0.3441965
326,0.025041258,0.24455908,0.0,0.0,0.0,0.24482267,0.0,0.10792621,0.24482267,0.13282804
327,0.17210698,0.0,0.0,0.0,0.0,0.3237442,0.36634478,0.07031789,0.0674862,0.0
328,0.0,0.09647472,0.092245586,0.0,0.092599906,0.13326469,0.0,0.29579285,0.25609824,0.03352391
329,0.0,0.49257502,0.0,0.0,0.0,0.0,0.49257502,0.0,0.0,0.014849991
330,0.119911514,0.10244732,0.361332,0.0,0.0,0.01437325,0.0,0.0,0.40193594,0.0
331,0.0,0.36268976,0.111466065,0.0,0.0,0.0,0.0,0.0,0.16315436,0.36268976
332,0.15965691,0.18494534,0.0,0.0,0.0,0.24326222,0.0,0.0,0.18456924,0.22756618
333,0.0,0.0038388446,0.29168144,0.0,0.0,0.0,0.0,0.24606743,0.25618714,0.20222512
334,0.060253724,0.22019492,0.0,0.0,0.0,0.2857145,0.2857145,0.0,0.14812237,0.0
335,0.0,0.3555395,0.15341203,0.0,0.0,0.030504914,0.3555395,0.0,0.10500415,0.0
336,0.24078207,0.0,0.0,0.13679813,0.0,0.5942911,0.0,0.028128691,0.0,0.0
337,0.3198837,0.3198837,0.3170289,0.0,0.0,0.0,0.0,0.0,0.0,0.04320367
338,0.0,0.26581317,0.7341868,0.0,0.0,0.0,0.0,0.0,0.0,0.0
339,0.29764363,0.29764363,0.0,0.0,0.053898867,0.0,0.030525964,0.0,0.022644287,0.29764363
340,0.0,0.38188738,0.0,0.0,0.0,0.03858403,0.051905423,0.0,0.2214915,0.30613163
341,0.28412414,0.0,0.23455752,0.0,0.0,0.28412414,0.079976454,0.07666603,0.040551692,0.0
342,0.22032537,0.15024078,0.0,0.0,0.0,0.29603013,0.29603013,0.0,0.0,0.037373632
343,0.29574382,0.25851998,0.03128098,0.0,0.0,0.29574382,0.11871142,0.0,0.0,0.0
344,0.40229625,0.40229625,0.100242175,0.0,0.0,0.0,0.0,0.0,0.0,0.0951653
345,0.0,0.3942092,0.27600136,0.0,0.043693125,0.0,0.117828466,0.093663886,0.074604005,0.0
346,0.29157266,0.29157266,0.0,0.0,0.0,0.0,0.12528203,0.29157266,0.0,0.0
347,0.15845466,0.15845466,0.0,0.0,0.0,0.15845466,0.150193,0.15845466,0.14117654,0.074811876
348,0.0,0.0,0.03893448,0.0,0.0,0.0,0.35952812,0.35952812,0.19305752,0.04895174
349,0.0,0.48290414,0.06758175,0.0,0.0,0.0,0.20932919,0.0,0.24018492,0.0
350,0.02574066,0.05139689,0.27810624,0.0,0.09815426,0.0,0.25440863,0.07978733,0.12454235,0.08786361
351,0.0,0.0,0.1302334,0.0,0.0,0.2518932,0.61787343,0.0,0.0,0.0
352,0.0,0.6506775,0.0,0.0,0.23325598,0.0,0.116066515,0.0,0.0,0.0
353,0.047562994,0.0,0.0,0.0,0.0,0.0,0.43092546,0.21625496,0.0,0.30525658
354,0.0,0.0863572,0.28751734,0.0,0.04735112,0.37198076,0.11060242,0.0,0.048747167,0.04744393
355,0.35407057,0.29668227,0.16214179,0.0,0.0,0.0,0.0,0.0,0.0,0.18710543
356,0.0,0.2001772,0.0,0.0,0.2120709,0.23834018,0.2652908,0.0,0.08412092,0.0
357,0.20976476,0.20976476,0.114509486,0.0,0.0,0.16577774,0.090418495,0.0,0.0,0.20976476
358,0.0,0.9688694,0.031130543,0.0,0.0,0.0,0.0,0.0,0.0,0.0
359,0.0,0.0,0.08010177,0.0,0.0,0.037263025,0.8826352,0.0,0.0,0.0
360,0.0,0.10957787,0.02278471,0.025829628,0.024029583,0.20423226,0.33366948,0.0,0.27987644,0.0
361,0.0,0.6187296,0.38127038,0.0,0.0,0.0,0.0,0.0,0.0,0.0
362,0.18726991,0.1550116,0.15634172,0.0,0.0,0.0,0.18726991,0.12198815,0.078967445,0.11315128
363,0.09074961,0.0,0.0,0.0,0.0,0.3880138,0.5212366,0.0,0.0,0.0
364,0.052234158,0.36759993,0.0,0.0,0.0,0.25133878,0.3288271,0.0,0.0,0.0
365,0.19290523,0.22466882,0.042400636,0.0,0.22466882,0.22466882,0.057573337,0.0,0.0,0.03311434
366,0.0,0.25058216,0.11210454,0.0,0.0,0.25058216,0.1361489,0.0,0.0,0.25058216
367,0.0,0.31861472,0.0,0.0,0.0,0.0,0.0,0.0,0.3677753,0.31361002
368,0.0,0.17438619,0.15897791,0.0,0.0,0.10235216,0.44154975,0.0,0.12273396,0.0
369,0.23666623,0.23666623,0.0,0.0,0.0,0.23666623,0.19986065,0.090140656,0.0,0.0
370,0.20838024,0.22790821,0.011384143,0.0,0.006936006,0.06968878,0.0,0.0,0.4757027,0.0
371,0.0,0.48061025,0.10596822,0.0,0.0,0.0,0.0,0.0,0.41342148,0.0
372,0.049224924,0.20714617,0.0,0.0,0.0,0.0,0.17595933,0.0,0.0,0.5676696
373,0.0,0.21259537,0.19670911,0.0,0.03967901,0.21259537,0.09398539,0.0,0.21259537,0.031840354
374,0.0,0.6418457,0.0,0.0,0.0,0.0,0.029202502,0.0,0.0,0.32895184
375,0.0,0.38480255,0.043251477,0.0,0.0,0.38480255,0.0,0.09592894,0.091214575,0.0
376,0.0,0.42402214,0.0,0.0,0.16133215,0.0,0.0,0.009658492,0.14206679,0.2629204
377,1.0,0.0,0.0,0.0,0.0,0.0,0.0,0.0,0.0,0.0
378,0.0,0.1442347,0.0,0.0,0.0,0.4278826,0.4278826,0.0,0.0,0.0
379,0.0,0.3365794,0.0,0.0,0.09047368,0.15760198,0.0,0.07876545,0.0,0.3365794
380,0.056521256,0.30622786,0.20177262,0.0,0.0,0.0,0.054116145,0.0,0.0751343,0.30622786
381,0.0,0.3761984,0.10963137,0.0,0.0,0.035056297,0.12476584,0.0135228485,0.34082526,0.0
382,0.0,0.3611769,0.25608274,0.0,0.061177418,0.12944959,0.102759525,0.0,0.0,0.0893539
383,0.6814707,0.0,0.16789602,0.0,0.0,0.0,0.0,0.0,0.0,0.15063326
384,0.0,0.20499866,0.0,0.0,0.0,0.0,0.0,0.0,0.12087765,0.67412364
385,0.03674755,0.29297474,0.20932283,0.0,0.29297474,0.04930959,0.017105296,0.0,0.10156523,0.0
386,0.09820624,0.11153135,0.16442078,0.0,0.0,0.16444027,0.1908434,0.17813224,0.0,0.092425734
387,0.0,0.40254927,0.0,0.0,0.0,0.19490144,0.0,0.0,0.40254927,0.0
388,0.32060307,0.15600044,0.0,0.0,0.022033462,0.18075994,0.32060307,0.0,0.0,0.0
389,0.0,0.3857571,0.020187858,0.0,0.0,0.12579265,0.17259507,0.0,0.29566738,0.0
390,0.0,0.12908396,0.0,0.0,0.0,0.4060305,0.2358417,0.0,0.22904387,0.0
391,0.275176,0.36241198,0.0,0.0,0.0,0.0,0.36241198,0.0,0.0,0.0
392,0.25700173,0.25700173,0.21268977,0.0,0.0,0.0,0.0,0.12316345,0.15014333,0.0
393,0.23779754,0.44882834,0.0,0.0,0.0,0.09926169,0.0,0.0,0.21411246,0.0
394,0.0,0.32546663,0.32546663,0.0,0.0,0.28083616,0.0,0.0,0.06823059,0.0
395,0.0,0.60401446,0.0,0.0,0.0,0.0,0.0,0.21401799,0.18196756,0.0
396,0.0,0.33893868,0.03880933,0.0,0.0,0.0,0.4612768,0.0,0.0,0.16097517
397,0.24108562,0.24108562,0.0,0.0,0.09864399,0.0,0.24108562,0.0,0.030599738,0.1474994
398,0.215807,0.3962012,0.0,0.0,0.0,0.0,0.0,0.0,0.38799188,0.0
399,0.0,0.28453577,0.0,0.0,0.02236897,0.2535743,0.18787974,0.14760435,0.10403689,0.0
400,0.0,0.3914611,0.0,0.0,0.0,0.026564127,0.19051369,0.0,0.0,0.3914611
401,0.0,0.0,0.0,0.0,0.0,1.0,0.0,0.0,0.0,0.0
402,0.2537873,0.16142134,0.0,0.0,0.12707539,0.1649392,0.0,0.25003943,0.042737305,0.0
403,0.0,0.0,0.0,0.0,0.0,0.0,0.0,0.0,0.76223904,0.23776104
404,0.0,0.44503883,0.0,0.0,0.0,0.37112856,0.18383259,0.0,0.0,0.0
405,0.07089726,0.37233728,0.0,0.0,0.0,0.1844282,0.0,0.0,0.37233728,0.0
406,0.0,0.0,0.05625767,0.0,0.0,0.1295019,0.2713801,0.13847697,0.13300337,0.2713801
407,0.0,0.0,0.0,0.0,0.18763974,0.0,0.5195316,0.11432672,0.118819475,0.05968247
408,0.27696523,0.20177099,0.0,0.15720312,0.0,0.07023719,0.29382342,0.0,0.0,0.0
409,0.0,0.41121328,0.21059036,0.0,0.0,0.0,0.0,0.0,0.13478504,0.24341136
410,0.0,0.2698428,0.029740984,0.2698428,0.0,0.08148739,0.052127946,0.0,0.09162255,0.20533551
411,0.04058505,0.41128084,0.0,0.0,0.25460657,0.0,0.0,0.0,0.2935275,0.0
412,0.20459802,0.41475913,0.22010295,0.0,0.0,0.0,0.16053993,0.0,0.0,0.0
413,0.1276998,0.2452588,0.2255673,0.0,0.0,0.0907969,0.06541833,0.0,0.2452588,0.0
414,0.0,0.0,0.0,0.0,0.0,0.0,0.45883298,0.541167,0.0,0.0
415,0.20423213,0.0,0.0,0.0,0.0,0.34248403,0.0,0.0,0.0,0.45328385
416,0.23889104,0.23889104,0.0055175307,0.0,0.0,0.0,0.23889104,0.0,0.23889104,0.038918424
417,0.15189539,0.22364202,0.0,0.0,0.0,0.1771785,0.22364202,0.0,0.0,0.22364202
418,0.0,0.34629986,0.16656265,0.0,0.040490948,0.2618111,0.0,0.0,0.1848354,0.0
419,0.0,0.0,0.43771377,0.0,0.0,0.0,0.0,0.0,0.0,0.56228626
420,0.18683554,0.10287467,0.0,0.0,0.17148025,0.13055137,0.18683554,0.0,0.18683554,0.03458714
421,0.3099261,0.09952391,0.1810176,0.0,0.0,0.3099261,0.0,0.09960634,0.0,0.0
422,0.0,0.03600586,0.0,0.019627629,0.0,0.4124616,0.4124616,0.0,0.11944338,0.0
423,0.29998156,0.08274707,0.0,0.0,0.0,0.29998156,0.0,0.0,0.15314111,0.16414866
424,0.1743332,0.64924747,0.0,0.0,0.0,0.12885779,0.0,0.0,0.047561523,0.0
425,0.31046122,0.11815628,0.31046122,0.0,0.0,0.08914545,0.0,0.0,0.17177585,0.0
426,0.0,0.45990357,0.0,0.0,0.0,0.062844045,0.0,0.0,0.0,0.47725245
427,0.0,0.105345376,0.21010028,0.0,0.0,0.103575684,0.4752982,0.0,0.02653613,0.07914423
428,0.0,1.0,0.0,0.0,0.0,0.0,0.0,0.0,0.0,0.0
429,0.0,0.55988485,0.0,0.0,0.052417357,0.0,0.0,0.3419448,0.04575302,0.0
430,0.0,0.8244952,0.0,0.0,0.0,0.0,0.0,0.0,0.0,0.17550477
431,0.14781155,0.41037565,0.30870858,0.0,0.0,0.0,0.0,0.13310422,0.0,0.0
432,0.38411754,0.0,0.36817357,0.0,0.15175936,0.0,0.0,0.095949546,0.0,0.0
433,0.0,0.10178275,0.018937081,0.0,0.0,0.187656,0.34581208,0.0,0.0,0.34581208
434,0.0,0.02910855,0.22712126,0.0,0.0,0.0,0.0,0.0,0.5798435,0.16392672
435,0.0,0.0,0.21531433,0.0,0.0,0.0,0.53270245,0.0,0.25198323,0.0
436,0.0,0.43622145,0.0,0.0,0.0,0.15976155,0.40401697,0.0,0.0,0.0
437,0.0,0.18406484,0.0,0.0,0.0,0.25100768,0.11924964,0.09244336,0.12931374,0.22392076
438,0.0,0.22230029,0.0,0.0,0.19669354,0.13640556,0.22230029,0.0,0.0,0.22230029
439,0.26329714,0.0321481,0.0,0.0,0.0,0.29033405,0.2794749,0.0,0.13474582,0.0
440,0.0,0.16333994,0.0,0.0,0.20221168,0.24991924,0.3845291,0.0,0.0,0.0
441,0.0,0.1803616,0.07834757,0.0,0.0,0.0,0.74129087,0.0,0.0,0.0
442,0.2476743,0.35599312,0.0,0.0,0.0,0.0,0.045929037,0.0,0.09202956,0.25837395
443,0.09988224,0.0,0.083102986,0.0,0.0,0.0,0.034758233,0.32275113,0.32626852,0.13323684
444,0.3171567,0.17539048,0.0,0.0,0.0,0.12890707,0.153313,0.0,0.0,0.22523274
445,0.3945964,0.205899,0.0,0.0,0.0,0.0,0.083008446,0.0,0.07041173,0.24608442
446,0.17343722,0.61628366,0.0,0.0,0.012909649,0.0,0.0,0.19322626,0.0,0.0041432483
447,0.003000622,0.42353052,0.0,0.0,0.14993833,0.0,0.0,0.0,0.42353052,0.0
448,0.10074345,0.3264848,0.2507816,0.0,0.0,0.0,0.11783586,0.0,0.20415427,0.0
449,0.0,0.23492059,0.0,0.0,0.34010512,0.0,0.0,0.0,0.42497432,0.0
450,0.26666468,0.2895373,0.14151332,0.0,0.0,0.16707547,0.0,0.0,0.0,0.13520926
451,0.0,0.5,0.0,0.0,0.0,0.5,0.0,0.0,0.0,0.0
452,0.0,0.18788368,0.0,0.0,0.0,0.3048969,0.0,0.0,0.3048969,0.2023225
453,0.0,0.98297185,0.017028123,0.0,0.0,0.0,0.0,0.0,0.0,0.0
454,0.18497005,0.21276104,0.0,0.08604947,0.035584405,0.09452851,0.0,0.0,0.17334543,0.21276104
455,0.2810435,0.0,0.03474751,0.0,0.0,0.0,0.12953223,0.2810435,0.27363327,0.0
456,0.3851329,0.2293309,0.0,0.12449696,0.0,0.26103917,0.0,0.0,0.0,0.0
457,0.0,0.32449785,0.10246101,0.0,0.0,0.124040835,0.32449785,0.12450246,0.0,0.0
458,0.0,0.0,0.28210872,0.0,0.0,0.0,0.28210872,0.1536738,0.0,0.28210872
459,0.0661977,0.49649045,0.0,0.0,0.0,0.0,0.40846378,0.0,0.028848099,0.0
460,0.0,0.0,0.14352906,0.0,0.0,0.7619973,0.0,0.0,0.09447373,0.0
461,0.0,0.19498493,0.0,0.0,0.0,0.18818045,0.25268885,0.16438232,0.19976336,0.0
462,0.19344188,0.37526274,0.258739,0.0,0.0,0.0,0.0,0.0,0.17255649,0.0
463,0.0,0.41578507,0.0,0.0,0.0,0.0,0.32619935,0.0,0.0,0.25801554
464,0.2504331,0.18499157,0.0,0.0,0.031800188,0.2504331,0.0,0.031908978,0.0,0.2504331
465,0.030620564,0.68644446,0.28293496,0.0,0.0,0.0,0.0,0.0,0.0,0.0
466,0.0,0.17282677,0.16504034,0.0,0.030608296,0.26208246,0.26208246,0.10735965,0.0,0.0
467,0.10823452,0.28470734,0.27946657,0.0,0.0,0.0,0.08816808,0.0,0.0,0.23942347
468,0.19711143,0.19711143,0.07017688,0.0,0.025482148,0.0,0.19711143,0.0,0.19711143,0.1158953
469,0.054990143,0.33667767,0.0,0.0,0.0,0.5155962,0.0,0.0,0.09273597,0.0
470,0.0,0.32683617,0.08370493,0.0,0.0,0.046749983,0.19370462,0.23350044,0.11550387,0.0
471,0.34092137,0.34092137,0.024981044,0.0,0.0,0.093027666,0.20014854,0.0,0.0,0.0
472,0.0,0.30653402,0.17941754,0.0,0.12019115,0.26139027,0.021488369,0.0,0.0,0.11097864
473,0.22917071,0.40491223,0.037128095,0.0,0.0,0.0,0.115497045,0.0,0.07286225,0.14042965
474,0.0,0.0,0.0,0.0,0.6048646,0.0,0.0,0.0,0.3951354,0.0
475,0.19654728,0.47450006,0.13086516,0.0,0.0,0.0,0.0,0.1772223,0.0,0.020865206
476,0.0,0.0,0.052854802,0.0,0.0,0.0,0.37440512,0.0,0.1851583,0.3875818
477,0.008948514,0.0,0.0,0.0,0.0,0.24652596,0.0,0.0,0.74452555,0.0
478,0.0,0.0,0.0,0.0,0.0,0.28665587,0.23534915,0.19133909,0.28665587,0.0
479,0.24234325,0.2936134,0.0,0.0,0.0,0.0,0.2936134,0.0,0.08214528,0.08828472
480,0.21172498,0.42590156,0.03988583,0.0,0.0,0.096859835,0.20348282,0.0,0.022145005,0.0
481,0.0,0.12665243,0.13996828,0.0,0.0,0.0,0.29965946,0.13406038,0.0,0.29965946
482,0.23549761,0.288789,0.0,0.0,0.0,0.0,0.07373168,0.12926015,0.2727216,0.0
483,0.0,0.4009358,0.0,0.0,0.0,0.0,0.4009358,0.0,0.19812845,0.0
484,0.45616883,0.39405665,0.1377495,0.0,0.0,0.0,0.0,0.0,0.0,0.01202502
485,0.0,0.073764026,0.0,0.0,0.0,0.03269929,0.44676834,0.0,0.0,0.44676834
486,0.31124744,0.018569324,0.064411245,0.0,0.0,0.2055638,0.0,0.0,0.0889608,0.31124744
487,0.0,0.20760958,0.27729434,0.0,0.013145115,0.18062831,0.32132262,0.0,0.0,0.0
488,0.0,0.48945868,0.0,0.0,0.0,0.0,0.48945868,0.0,0.0,0.021082656
489,0.15795046,0.32403517,0.3081896,0.0,0.0,0.0,0.0,0.0,0.0,0.20982479
490,0.3710264,0.3710264,0.0,0.0,0.0,0.0,0.040492002,0.02401492,0.19344026,0.0
491,0.21672794,0.0,0.22538537,0.0,0.0,0.22538537,0.15164964,0.0,0.18085168,0.0
492,0.0,0.0,0.0,0.8154023,0.0,0.0,0.0,0.0,0.0,0.18459769
493,0.0,0.0,0.0,0.0,0.0,0.086016506,0.0,0.0,0.15133397,0.7626495
494,0.34575647,0.029639116,0.01421775,0.0,0.0,0.0,0.0,0.1652985,0.44508818,0.0
495,0.04646096,0.24295482,0.0,0.0,0.0,0.36420995,0.0,0.0,0.0,0.34637427
496,0.18930423,0.18930423,0.0,0.0,0.0,0.12766655,0.18930423,0.14313519,0.035557464,0.1257282
497,0.0,0.0,0.34761888,0.08604485,0.0,0.0,0.2187174,0.0,0.34761888,0.0
498,0.0,0.4537076,0.25949878,0.0,0.0,0.0,0.0,0.02971921,0.017885832,0.23918858
499,0.0,0.26824123,0.25327027,0.0,0.0,0.052685987,0.12552695,0.0,0.049888212,0.25038737
500,0.0,0.11990589,0.0,0.0,0.0,0.0,0.72500175,0.0,0.0,0.15509236
501,0.2598655,0.0,0.4288185,0.0,0.0,0.0,0.31131604,0.0,0.0,0.0
502,0.35867488,0.35867488,0.0,0.0,0.0,0.0,0.0645307,0.0,0.21811946,0.0
503,0.062189106,0.28913352,0.0,0.0,0.07696737,0.2469082,0.0,0.046859533,0.27794227,0.0
504,0.29677925,0.29677925,0.109662235,0.0,0.0,0.0,0.29677925,0.0,0.0,0.0
505,0.0,0.36167702,0.065693825,0.0,0.0,0.20807974,0.002872425,0.36167702,0.0,0.0
506,0.16374436,0.2085159,0.0,0.0,0.0,0.06951679,0.2085159,0.1170034,0.1265369,0.10616677
507,0.18912832,0.21807916,0.14614035,0.0,0.0,0.2472189,0.16831343,0.0,0.031119805,0.0
508,0.024621641,0.30494583,0.0,0.0,0.0,0.078333646,0.30494583,0.0,0.0,0.287153
509,0.12540826,0.20971625,0.26338372,0.0,0.17537831,0.0,0.0,0.0,0.2261135,0.0
510,0.0,0.6477541,0.0,0.0,0.12248553,0.0,0.0,0.0,0.15783636,0.07192399
511,0.0,0.38519758,0.0,0.0,0.039456885,0.0,0.38519758,0.073236465,0.11691153,0.0
512,0.0,0.0,0.29778105,0.0,0.0043716645,0.012016978,0.29778105,0.17759718,0.08243597,0.1280161
513,0.0,0.25,0.0,0.0,0.0,0.25,0.25,0.0,0.25,0.0
514,0.36216137,0.20772164,0.19055957,0.0,0.0,0.17264059,0.0,0.0,0.0,0.06691682
515,0.0,0.23815222,0.05979599,0.0,0.0,0.0,0.16807723,0.23815222,0.17877899,0.11704338
516,0.0,0.0,0.46295592,0.0,0.21099442,0.32604966,0.0,0.0,0.0,0.0
517,0.0,0.44351748,0.0,0.0,0.44058502,0.0,0.0,0.0,0.0,0.11589746
518,0.0,0.0,0.0,0.0,0.0,0.4933662,0.4933662,0.013267549,0.0,0.0
519,0.014530879,0.32555285,0.0,0.0,0.0,0.4417277,0.0,0.0,0.21818858,0.0
520,0.23184842,0.42883992,0.24473289,0.0,0.0,0.0,0.0,0.09457883,0.0,0.0
521,0.0,0.0,0.17035551,0.0,0.0,0.2263176,0.3029655,0.3003614,0.0,0.0
522,0.0,0.56132156,0.0,0.0,0.0,0.0,0.0,0.14113668,0.0,0.29754177
523,0.0,0.037561726,0.0,0.0,0.0,0.12415033,0.0,0.34096587,0.0,0.49732208
524,0.0,0.4772519,0.14691362,0.0,0.25552556,0.0,0.0,0.0,0.0,0.12030894
525,0.24176489,0.7204362,0.0,0.0,0.0,0.03779892,0.0,0.0,0.0,0.0
526,0.3320889,0.0,0.024876086,0.0,0.0,0.0,0.31094614,0.0,0.0,0.3320889
527,0.35099727,0.35099727,0.062285166,0.0,0.0,0.23572025,0.0,0.0,0.0,0.0
528,0.2365457,0.10277954,0.1866816,0.0,0.0,0.016888596,0.18699913,0.0,0.17872974,0.09137569
529,0.0,0.1593525,0.0,0.0,0.1254429,0.1906396,0.29944557,0.0,0.0,0.22511943
530,0.17516509,0.0,0.24748157,0.05583451,0.0,0.0,0.0,0.19032094,0.0,0.33119786
531,0.0,0.0,0.0,0.0,0.27386367,0.0,0.0,0.0,0.72613627,0.0
532,0.0,0.27471927,0.23032804,0.07238974,0.0,0.0,0.0,0.42256296,0.0,0.0
533,0.5531615,0.16673309,0.28010538,0.0,0.0,0.0,0.0,0.0,0.0,0.0
534,0.0,0.051842146,0.25480798,0.0,0.063844286,0.2996603,0.19904613,0.0,0.0,0.13079913
535,0.15980133,0.36268857,0.0,0.0,0.0,0.0,0.11482152,0.0,0.0,0.36268857
536,0.29275888,0.015008407,0.0,0.0,0.0,0.2835073,0.0,0.0,0.29275888,0.11596655
537,0.0,0.4819171,0.13513507,0.0,0.0,0.0,0.0,0.0,0.13845265,0.24449512
538,0.0,0.28699896,0.0,0.0,0.0,0.09031916,0.28699896,0.048683923,0.0,0.28699896
539,0.17794372,0.13753527,0.19519757,0.0,0.01691466,0.0,0.23620439,0.23620439,0.0,0.0
540,0.0,0.2789961,0.0,0.0,0.062357932,0.0,0.05227231,0.3031868,0.3031868,0.0
541,0.0,0.38960114,0.38960114,0.0,0.0,0.17256282,0.04823492,0.0,0.0,0.0
542,0.021739652,0.23419198,0.10781389,0.0,0.0,0.0,0.0,0.0,0.0,0.63625443
543,0.0,0.0,0.0,0.0,0.0,0.0,0.0,0.0,1.0,0.0
544,0.0,0.40843007,0.40843007,0.0,0.0,0.0,0.0,0.0,0.18313988,0.0
545,0.08688874,0.15514672,0.115438975,0.0,0.18582442,0.18877414,0.102636814,0.096236646,0.0,0.06905358
546,0.0,0.0,0.0,0.0,0.25823703,0.0,0.46003932,0.0,0.28172368,0.0
547,0.0,0.3819217,0.0,0.11917803,0.27429727,0.0,0.0,0.0,0.0,0.22460294
548,0.0493158,0.0104985135,0.0,0.0,0.06954016,0.41689396,0.0,0.0,0.0,0.4537516
549,0.0,0.25401795,0.005839533,0.0,0.0,0.25401795,0.25401795,0.0,0.2321066,0.0
550,0.14378804,0.0,0.0,0.0,0.0,0.050306268,0.41654044,0.0,0.13291165,0.25645363
551,0.30432478,0.0,0.0,0.0,0.0,0.10680775,0.105117045,0.019448213,0.23345903,0.23084311
552,0.0,0.31835395,0.0,0.14177254,0.0,0.0,0.17343594,0.22338171,0.1430559,0.0
553,0.04660072,0.61043674,0.0,0.0,0.0,0.0,0.0,0.34296256,0.0,0.0
554,0.0,0.33756894,0.0,0.0,0.18520351,0.0,0.33756894,0.0,0.0,0.13965859
555,0.0,0.0,0.0,0.0,0.0,0.15169774,0.84830225,0.0,0.0,0.0
556,0.0,0.2366656,0.28730106,0.12082947,0.0,0.14142661,0.0,0.0,0.21377726,0.0
557,0.0,0.0,0.12384326,0.0,0.05385296,0.21539246,0.24828939,0.110332526,0.0,0.24828939
558,0.0,0.48476282,0.4064293,0.0,0.1088079,0.0,0.0,0.0,0.0,0.0
559,0.2622286,0.25135,0.0,0.0,0.0,0.1304275,0.12966819,0.0,0.22632572,0.0
560,0.113929346,0.35693446,0.0,0.0,0.0,0.0,0.19369325,0.33544296,0.0,0.0
561,0.34770048,0.15195395,0.34770048,0.0,0.10028109,0.0,0.0,0.0,0.05236397,0.0
562,0.0,0.0,0.0,0.0,0.0,0.058381375,0.45718715,0.0,0.37968946,0.104742005
563,0.48652214,0.48652214,0.0,0.0,0.0,0.008801926,0.018153815,0.0,0.0,0.0
564,0.021697216,0.17209037,0.17209037,0.0,0.0,0.16797116,0.17209037,0.1219701,0.17209037,0.0
565,0.0,0.7292513,0.0,0.0,0.0,0.0,0.0,0.0,0.0,0.27074867
566,0.0,0.30626625,0.26583523,0.0,0.0,0.0,0.2618657,0.0,0.16603275,0.0
567,0.0,0.25931707,0.18589245,0.0,0.016982028,0.25931707,0.25626338,0.0,0.022228034,0.0
568,0.11850182,0.0,0.0,0.0,0.59004056,0.0,0.21758367,0.0,0.07387388,0.0
569,0.18770124,0.1685019,0.0,0.0,0.0,0.0,0.1881586,0.26316768,0.0,0.19247052
570,0.42082596,0.0,0.0,0.074692324,0.0,0.25715023,0.0,0.0,0.24733153,0.0
571,0.25977686,0.22041988,0.20006044,0.0,0.0,0.25977686,0.0,0.0,0.0,0.059965964
572,0.26007983,0.07146641,0.0,0.0,0.0059873713,0.26007983,0.26007983,0.0,0.06279546,0.07951123
573,0.1418202,0.0,0.0,0.0,0.29112333,0.05971892,0.2526116,0.0,0.0,0.25472593
574,0.31061646,0.31061646,0.0,0.0,0.07531107,0.0,0.0,0.0,0.30345592,0.0
575,0.0,0.8010761,0.06633463,0.0,0.0,0.0,0.018708339,0.113880835,0.0,0.0
576,0.46702954,0.0,0.05040756,0.0,0.2411655,0.00403074,0.0,0.23736662,0.0,0.0
577,0.0,0.07755354,0.0,0.0,0.0,0.0,0.43594387,0.0,0.086090796,0.40041184
578,0.0,0.09349531,0.3297062,0.0,0.0,0.28404313,0.29275537,0.0,0.0,0.0
579,0.16611256,0.43674043,0.0,0.0,0.0,0.36205453,0.035092484,0.0,0.0,0.0
580,0.0,0.33418396,0.0,0.0,0.0,0.01430041,0.09578256,0.26200372,0.0,0.29372934
581,0.10806286,0.246651,0.0,0.0,0.0,0.1863234,0.21231176,0.0,0.246651,0.0
582,0.17844673,0.0,0.17463234,0.0,0.04477327,0.03772429,0.1277405,0.08196421,0.17844673,0.17627193
583,0.33650622,0.08504934,0.0,0.0,0.0,0.12645079,0.43833697,0.0,0.0,0.01365674
584,0.6027555,0.055527482,0.0,0.0,0.0,0.0,0.34171703,0.0,0.0,0.0
585,0.055877816,0.3687874,0.0,0.0,0.0,0.0,0.3687874,0.0,0.2065474,0.0
586,0.0,0.5916447,0.069187105,0.0,0.011533026,0.0,0.32763526,0.0,0.0,0.0
587,0.0,0.0,0.0,0.08958791,0.0,0.0,0.9104121,0.0,0.0,0.0
588,0.124816746,0.45064887,0.0,0.0,0.0,0.0,0.0,0.0,0.4245344,0.0
589,0.12263497,0.13216752,0.08523892,0.0,0.0,0.090653576,0.3531811,0.0,0.0,0.21612394
590,0.44857618,0.0,0.1609687,0.0,0.0,0.0,0.39045507,0.0,0.0,0.0
591,0.0,1.0,0.0,0.0,0.0,0.0,0.0,0.0,0.0,0.0
592,0.0,0.0,0.15780401,0.0,0.0,0.31182,0.029524418,0.0,0.5008516,0.0
593,0.0,0.36948946,0.2610211,0.0,0.0,0.36948946,0.0,0.0,0.0,0.0
594,0.23947267,0.24684708,0.0,0.0,0.08590103,0.0,0.21257667,0.0,0.0,0.21520261
595,0.0,0.6815202,0.21990393,0.0,0.0,0.0,0.0,0.08676757,0.011808354,0.0
596,0.0,0.3100761,0.3100761,0.0,0.0,0.3100761,0.018685993,0.0,0.0,0.0510857
597,0.0,0.16959721,0.19095078,0.0,0.0,0.31972602,0.0,0.0,0.31972602,0.0
598,0.085458614,0.1863396,0.1863396,0.0,0.099971496,0.0692115,0.0,0.0,0.1863396,0.1863396
599,0.5203629,0.0,0.0,0.017040897,0.0,0.46259624,0.0,0.0,0.0,0.0
600,0.13827583,0.0,0.0,0.0,0.0,0.0,0.59686726,0.0,0.0,0.26485687
601,0.003148361,0.0,0.0,0.0,0.0,0.16353968,0.0,0.0,0.6979438,0.13536812
602,0.0,0.85385734,0.0,0.0,0.0,0.052780136,0.09336249,0.0,0.0,0.0
603,0.68777096,0.0,0.0,0.0,0.0,0.12385577,0.18837331,0.0,0.0,0.0
604,0.0,0.26484025,0.26484025,0.0,0.0,0.08646407,0.26484025,0.119015194,0.0,0.0
605,0.0,0.5,0.0,0.0,0.0,0.0,0.5,0.0,0.0,0.0
606,0.20230496,0.0,0.15187009,0.0,0.09354132,0.20598926,0.0,0.0,0.1239103,0.22238414
607,0.0,0.2629752,0.06270038,0.0,0.0,0.17093796,0.0,0.0,0.50338644,0.0
608,0.0,0.25,0.0,0.0,0.0,0.25,0.25,0.0,0.0,0.25
609,0.0,0.5256517,0.0,0.0,0.0,0.3413423,0.0,0.0,0.0,0.13300602
610,0.08873995,0.5289181,0.0,0.0,0.0,0.09622432,0.0,0.0,0.28611758,0.0
611,0.0,0.266207,0.21075155,0.0,0.0,0.0,0.06938021,0.0,0.20896675,0.2446944
612,0.0,1.0,0.0,0.0,0.0,0.0,0.0,0.0,0.0,0.0
613,0.028617412,0.21989636,0.15292326,0.0,0.046828736,0.1065656,0.028218806,0.19705342,0.0,0.21989636
614,0.13648003,0.0,0.0,0.0,0.46465114,0.0,0.39886886,0.0,0.0,0.0
615,0.0,0.0,0.25564793,0.43724144,0.0,0.0,0.28107432,0.026036289,0.0,0.0
616,0.17681305,0.17681305,0.14903015,0.111109674,0.0,0.15486957,0.17681305,0.0,0.05455142,0.0
617,0.17635776,0.31200528,0.19963168,0.0,0.0,0.31200528,0.0,0.0,0.0,0.0
618,0.8124521,0.0,0.0,0.0,0.0,0.0,0.18754785,0.0,0.0,0.0
619,0.0,0.15273574,0.6014475,0.24581675,0.0,0.0,0.0,0.0,0.0,0.0
620,0.0,0.50627875,0.22954297,0.0,0.0,0.0,0.0,0.0,0.0,0.26417822
621,0.0,0.0,0.3194761,0.0,0.0,0.33606258,0.0,0.0,0.15064193,0.1938194
622,0.0,0.40161195,0.13820074,0.0,0.0,0.0,0.46018726,0.0,0.0,0.0
623,0.06792067,0.32392585,0.0,0.0,0.0,0.2842276,0.32392585,0.0,0.0,0.0
624,0.0,0.2304474,0.0,0.0,0.0,0.0,0.0,0.0,0.278638,0.49091452
625,0.02265341,0.2133611,0.3487135,0.0,0.0,0.11261747,0.0,0.08883084,0.0,0.2138237
626,0.18129997,0.25503168,0.25503168,0.0,0.0,0.0,0.25503168,0.0,0.053605016,0.0
627,0.0,0.40733978,0.0,0.0,0.0,0.3232932,0.0,0.07416766,0.19519931,0.0
628,0.0,0.62613815,0.37386182,0.0,0.0,0.0,0.0,0.0,0.0,0.0
629,0.0063797273,0.6285645,0.0,0.0,0.0,0.025837125,0.0,0.0,0.33921865,0.0
630,0.17790414,0.24272726,0.16235796,0.0,0.0,0.36572126,0.0,0.0,0.051289365,0.0
631,0.0,0.0,0.0,0.0,0.0,0.0,0.2641124,0.30198812,0.43389946,0.0
632,0.78175485,0.0,0.0,0.0,0.0,0.0,0.21824512,0.0,0.0,0.0
633,0.0,0.40799877,0.0,0.0,0.0,0.0,0.14425005,0.0,0.4477511,0.0
634,0.116140604,0.27894938,0.2804466,0.0,0.0,0.08783195,0.22400081,0.0,0.012630629,0.0
635,0.0,0.0,0.1065153,0.0,0.0,0.029643599,0.0,0.8638411,0.0,0.0
636,0.0,0.32987052,0.0,0.0,0.0,0.0,0.0,0.14125465,0.0,0.5288748
637,0.14429891,0.29531792,0.0,0.0,0.0,0.29531792,0.09657075,0.0,0.16849446,0.0
638,0.4185566,0.0,0.0,0.0,0.0,0.0,0.0,0.0,0.0,0.58144337
639,0.3057134,0.0,0.0,0.0,0.0,0.3057134,0.0,0.0,0.21026649,0.17830679
640,0.07040105,0.20390145,0.098608285,0.023354942,0.0,0.19194163,0.20390145,0.0039897547,0.20390145,0.0
641,0.0,0.85119927,0.0,0.0,0.0,0.14880072,0.0,0.0,0.0,0.0
642,0.0,0.0,0.0,0.0,0.0,0.0,1.0,0.0,0.0,0.0
643,0.034242295,0.24316567,0.24316567,0.0,0.013124212,0.24316567,0.08154488,0.0,0.1117769,0.029814627
644,0.0,0.2648765,0.2110529,0.0,0.0,0.0,0.3071409,0.0,0.21692966,0.0
645,0.0,0.0,0.45269945,0.0,0.0,0.10239268,0.0,0.0,0.0,0.44490787
646,0.22924492,0.0,0.0,0.0,0.18350239,0.0,0.22924492,0.084865846,0.11475288,0.15838906
647,0.0,0.0,0.0,0.0,0.0,0.0,0.0,0.0,0.17027724,0.8297227
648,0.017786473,0.8009242,0.0,0.0,0.0,0.0,0.0,0.0,0.18128929,0.0
649,0.0,0.45007116,0.0,0.0,0.0,0.45007116,0.0,0.0,0.09985765,0.0
650,0.0,0.25516397,0.35279363,0.0,0.0,0.0,0.3920424,0.0,0.0,0.0
651,0.28538418,0.08464559,0.05920184,0.0,0.0,0.28538418,0.28538418,0.0,0.0,0.0
652,0.34297335,0.0,0.0,0.0,0.0,0.0,0.012075174,0.0,0.6407473,0.0042041894
653,0.0,0.47700068,0.0,0.0,0.0,0.0,0.047828443,0.0,0.47517094,0.0
654,0.26733038,0.0,0.0,0.0,0.0,0.0,0.3594208,0.0,0.3594208,0.01382799
655,0.27466354,0.27466354,0.27466354,0.0,0.036911998,0.008967686,0.0,0.0,0.09427068,0.035859093
656,0.21002333,0.16483842,0.08994317,0.15494567,0.0011199556,0.0,0.0,0.21002333,0.0,0.16910613
657,0.1522054,0.067563966,0.015739786,0.0,0.0,0.2850607,0.0,0.0,0.25675738,0.22267279
658,0.079228014,0.26380745,0.19934683,0.0,0.0,0.0,0.29787993,0.15973781,0.0,0.0
659,0.0873587,0.3143566,0.0,0.0,0.0,0.15143614,0.21771121,0.0,0.22913732,0.0
660,0.0,0.28451997,0.0,0.0,0.29137197,0.06388335,0.36022472,0.0,0.0,0.0
661,0.028808093,0.3910513,0.0,0.0,0.0,0.0,0.5051273,0.07501332,0.0,0.0
662,0.0,0.022367492,0.0,0.0,0.0,0.0,0.9776325,0.0,0.0,0.0
663,0.28804237,0.033657327,0.0,0.0,0.0,0.06444357,0.11833426,0.0,0.25290248,0.24262002
664,0.2916489,0.0,0.27189675,0.0,0.0,0.0,0.0,0.23003992,0.20641448,0.0
665,0.13796452,0.0,0.23890363,0.0,0.0,0.0,0.0,0.104041085,0.2735207,0.24557002
666,0.0,0.0,0.0,0.0,0.0,0.08699661,0.504533,0.0,0.0,0.40847042
667,0.0,0.28097248,0.0,0.0,0.33212477,0.06387704,0.32302567,0.0,0.0,0.0
668,0.20572373,0.28081295,0.0,0.0,0.12342938,0.0,0.09772179,0.0,0.10797765,0.18433447
669,0.20729512,0.23015478,0.23015478,0.0,0.0,0.0,0.0,0.008451498,0.09378903,0.23015478
670,0.3171623,0.17303313,0.3171623,0.0,0.048295237,0.0,0.14434706,0.0,0.0,0.0
671,0.55220777,0.4477922,0.0,0.0,0.0,0.0,0.0,0.0,0.0,0.0
672,0.0,0.008100087,0.028220562,0.0,0.17307669,0.13247001,0.2998617,0.35827088,0.0,0.0
673,0.03929434,0.45427105,0.05216358,0.0,0.0,0.0,0.45427105,0.0,0.0,0.0
674,0.0,1.0,0.0,0.0,0.0,0.0,0.0,0.0,0.0,0.0
675,0.0,0.4462391,0.0,0.0,0.39375186,0.0,0.0,0.16000901,0.0,0.0
676,0.0,0.19092488,0.0,0.0,0.09027844,0.3009795,0.41781712,0.0,0.0,0.0
677,0.0,0.0,0.04866389,0.0,0.15908043,0.0,0.6210374,0.0,0.0,0.1712183
678,0.0,0.29289207,0.29289207,0.0,0.0,0.0,0.18000498,0.0,0.0,0.23421088
679,0.35792273,0.35792273,0.0,0.0,0.0,0.23546234,0.04869213,0.0,0.0,0.0
680,0.0,0.37963942,0.2811163,0.0,0.117711164,0.0,0.03469819,0.0,0.0,0.18683499
681,0.0,0.3670836,0.3670836,0.0,0.0,0.0,0.17139786,0.0051149926,0.08931991,0.0
682,0.03810552,0.3994514,0.0,0.043393098,0.0,0.28474644,0.18849257,0.0,0.0,0.04581104
683,0.0,0.0,1.0,0.0,0.0,0.0,0.0,0.0,0.0,0.0
684,0.0,0.2850116,0.0,0.0,0.023852395,0.2850116,0.0,0.24433677,0.09021674,0.07157089
685,0.2587427,0.0,0.0,0.0,0.0,0.33522978,0.0,0.0,0.0707977,0.33522978
686,0.0,0.0,0.0,0.0,0.0,0.49383098,0.35656083,0.0,0.14960824,0.0
687,0.0,0.18384388,0.0,0.18384388,0.0,0.18384388,0.15870608,0.0,0.18384388,0.10591844
688,0.0,0.5,0.0,0.0,0.0,0.5,0.0,0.0,0.0,0.0
689,0.0,0.7794611,0.0,0.0,0.0,0.22053896,0.0,0.0,0.0,0.0
690,0.0,0.3214424,0.0,0.0,0.042550452,0.24138205,0.3946251,0.0,0.0,0.0
691,0.13345747,0.29604584,0.0,0.0,0.0,0.3339201,0.0,0.0,0.23657665,0.0
692,0.0,0.8306477,0.0,0.0,0.0,0.0,0.0,0.0,0.16935235,0.0
693,0.0,0.47954962,0.0,0.0,0.0,0.040900726,0.47954962,0.0,0.0,0.0
694,0.4391784,0.048849743,0.0,0.0,0.0,0.1479875,0.0,0.0,0.057458185,0.30652615
695,0.0,0.5058816,0.0,0.0,0.0,0.49411833,0.0,0.0,0.0,0.0
696,0.054716066,0.28219125,0.0,0.0,0.0,0.03609057,0.28219125,0.0,0.18910736,0.15570354
697,0.40147287,0.0783857,0.0,0.0,0.0,0.164457,0.3556845,0.0,0.0,0.0
698,0.0,1.0,0.0,0.0,0.0,0.0,0.0,0.0,0.0,0.0
699,0.0,0.17129208,0.08971616,0.0,0.0,0.46561694,0.0,0.0,0.0,0.27337483
700,0.2959396,0.54763126,0.15249982,0.0,0.0,0.0,0.0,0.0,0.0039293487,0.0
701,0.3069326,0.19509408,0.0,0.0,0.085666575,0.0,0.3069326,0.0,0.014265611,0.091108575
702,0.0,0.0,0.0,0.0,0.0,0.0,0.0,0.22713484,0.0,0.7728652
703,0.0,0.21205404,0.0,0.0,0.0,0.24045144,0.42941678,0.0,0.11807768,0.0
704,0.0,0.0,0.42110273,0.024139516,0.0,0.039085682,0.09456935,0.0,0.0,0.42110273
705,0.0,0.59873515,0.0,0.0,0.0,0.0,0.13483052,0.0,0.0,0.26643428
706,0.16115095,0.15279783,0.2194656,0.0,0.0,0.07657019,0.008428091,0.18536317,0.0,0.19622418
707,0.0,0.44655663,0.44655663,0.0,0.0,0.10688681,0.0,0.0,0.0,0.0
708,0.26069728,0.13904521,0.115230344,0.0,0.0,0.019639462,0.0,0.42862877,0.0,0.03675901
709,0.0,0.0,0.0,0.0,0.0,0.0,0.52487427,0.0,0.37659985,0.09852587
710,0.33333334,0.33333334,0.0,0.0,0.0,0.33333334,0.0,0.0,0.0,0.0
711,0.9230806,0.0,0.0,0.0,0.0,0.0,0.076919384,0.0,0.0,0.0
712,0.16274127,0.0,0.0,0.0,0.0,0.12586941,0.08900578,0.28693122,0.0,0.33545238
713,0.0,0.0,0.17365727,0.0,0.0,0.0,0.023234628,0.0,0.8031081,0.0
714,0.0,0.37855402,0.16038579,0.0,0.0,0.2007659,0.072648,0.0,0.0,0.1876463
715,0.20990552,0.20990552,0.16397056,0.0,0.035394844,0.0,0.17091805,0.0,0.0,0.20990552
716,0.0,0.022263587,0.0,0.0,0.0,0.0,0.29532287,0.24268933,0.0,0.43972412
717,0.10375208,0.2108118,0.032487147,0.0,0.0,0.067884415,0.25513354,0.0,0.0,0.32993102
718,0.439743,0.04484582,0.016158558,0.0,0.0,0.0,0.439743,0.0,0.0,0.05950964
719,0.25836182,0.11570277,0.0,0.0,0.0,0.23656705,0.25836182,0.13100657,0.0,0.0
720,0.0,0.27742514,0.1447379,0.0,0.26008874,0.14359935,0.0540917,0.0,0.0,0.12005726
721,0.0,0.0,0.0960851,0.0,0.0,0.18720154,0.0,0.0,0.6780095,0.038703885
722,0.10803761,0.21805811,0.0,0.0,0.0,0.19192617,0.30151156,0.18046655,0.0,0.0
723,0.25238085,0.0,0.0,0.0,0.0,0.3201708,0.0,0.0,0.25796694,0.1694814
724,0.32239282,0.32239282,0.15209168,0.0,0.044822015,0.019925764,0.06896032,0.04930004,0.0,0.020114549
725,0.32948118,0.6705188,0.0,0.0,0.0,0.0,0.0,0.0,0.0,0.0
726,0.0,0.42913786,0.0,0.0,0.0,0.0,0.21519113,0.0,0.3556711,0.0
727,0.09831894,0.26184684,0.0,0.0,0.037306257,0.06628535,0.24346116,0.0,0.21056952,0.082211874
728,0.104949296,0.44488966,0.0,0.0,0.0,0.13872154,0.0,0.21687292,0.09456663,0.0
729,0.1,0.1,0.1,0.1,0.1,0.1,0.1,0.1,0.1,0.1
730,0.0,0.24807912,0.24807912,0.0,0.08824388,0.0,0.24807912,0.0,0.1675188,0.0
731,0.38953388,0.0,0.42996144,0.0,0.0,0.02134177,0.0,0.0751786,0.08398429,0.0
732,0.0,0.32169604,0.0,0.0,0.1934385,0.0,0.3212938,0.0,0.0,0.16357164
733,0.0,0.15593405,0.11821144,0.0,0.1033037,0.16755421,0.0940984,0.16922385,0.13476343,0.05691094
734,0.053099826,0.0,0.0,0.0,0.20357898,0.0,0.24523146,0.296323,0.0,0.20176664
735,0.05151299,0.64423794,0.29188725,0.0,0.0,0.0,0.012361735,0.0,0.0,0.0
736,0.0,0.030993856,0.0,0.0,0.0,0.24985437,0.0,0.192198,0.0,0.5269538
737,0.088247545,0.19427185,0.18910001,0.0,0.0,0.04963391,0.45074946,0.0,0.0,0.027997248
738,0.0,0.34877795,0.0,0.0,0.029714638,0.0,0.19598725,0.0,0.22966354,0.19585669
739,0.27998623,0.27998623,0.021032354,0.0,0.19595012,0.14852807,0.0,0.07451697,0.0,0.0
740,0.063432835,0.17314534,0.13425863,0.0,0.0,0.26310533,0.26310533,0.07492854,0.028023979,0.0
741,0.0,0.38383055,0.38383055,0.0,0.032766815,0.13715021,0.0,0.0,0.06242192,0.0
742,0.0,0.91123015,0.0,0.0,0.0,0.0,0.0,0.0,0.08876987,0.0
743,0.16670229,0.1180627,0.36851016,0.0,0.0,0.0,0.034799755,0.0,0.2751127,0.036812373
744,0.1184812,0.11296616,0.09462278,0.0,0.17969367,0.39247325,0.0,0.0,0.0,0.101762876
745,0.0,0.7350332,0.0,0.0,0.0,0.12452632,0.0,0.0,0.14044039,0.0
746,0.2493454,0.0,0.0,0.0,0.04369931,0.0,0.0,0.0,0.42541426,0.28154108
747,0.0,0.0,0.0,0.0,0.0,0.0,0.53374636,0.0,0.0,0.4662536
748,0.06153933,0.3083185,0.17414917,0.048186783,0.0,0.3083185,0.099487744,0.0,0.0,0.0
749,0.22252811,0.0,0.44289538,0.0,0.03846641,0.0,0.29611006,0.0,0.0,0.0
750,0.06895303,0.0,0.0,0.0,0.0,0.5253114,0.0,0.40573555,0.0,0.0
751,0.0,0.25460568,0.0,0.0,0.0,0.49412128,0.0,0.25127298,0.0,0.0
752,0.0,0.1650952,0.08101247,0.0,0.0,0.37694615,0.0,0.0,0.37694615,0.0
753,0.0,0.42221063,0.0,0.0,0.0,0.07913332,0.0,0.0,0.0,0.49865606
754,0.0,0.33534664,0.0,0.0,0.027964877,0.2171273,0.038191028,0.0,0.046023495,0.33534664
755,0.020036561,0.21537139,0.061318535,0.0,0.0,0.21537139,0.21537139,0.21537139,0.057159316,0.0
756,0.0,0.5,0.0,0.0,0.0,0.5,0.0,0.0,0.0,0.0
757,0.21161705,0.48258117,0.0,0.0,0.2478812,0.057920642,0.0,0.0,0.0,0.0
758,0.28374854,0.34256184,0.0,0.0,0.0,0.0,0.031127797,0.0,0.0,0.34256184
759,0.0,0.5499925,0.0,0.0,0.0,0.0,0.0,0.2979216,0.0,0.15208595
760,0.264312,0.264312,0.0010418658,0.0,0.0,0.15767525,0.264312,0.0,0.0,0.048346963
761,0.0,0.0,0.0,0.0,0.0,0.5411435,0.0,0.0,0.4588565,0.0
762,0.0,0.3481396,0.0,0.0,0.0,0.17286025,0.3481396,0.13086045,0.0,0.0
763,0.0,0.0,0.0,0.0,0.05821245,0.16544874,0.17662159,0.22788827,0.0,0.37182894
764,0.0,0.0,0.0,0.0,0.22658786,0.0,0.0,0.0,0.77341217,0.0
765,0.25407898,0.22644031,0.0,0.0,0.016373655,0.25407898,0.1504018,0.0,0.0,0.098626316
766,0.0,0.27718762,0.0,0.0,0.0,0.0,0.053896178,0.0,0.5166114,0.15230483
767,0.0,0.17749478,0.0,0.0,0.0,0.23192059,0.2676289,0.0,0.2676289,0.055326853
768,0.0,0.06696346,0.0098584555,0.0,0.0,0.92317814,0.0,0.0,0.0,0.0
769,0.0,0.35620046,0.0,0.0,0.0,0.0,0.50215566,0.0,0.14164385,0.0
770,0.0,0.23764944,0.20015569,0.0,0.0,0.14591306,0.23764944,0.04025624,0.06930187,0.06907429
771,0.39589873,0.0,0.12901282,0.0,0.0,0.15237626,0.007867368,0.0,0.0,0.31484476
772,0.0,0.25585082,0.0,0.0,0.0,0.0,0.37207457,0.0,0.37207457,0.0
773,0.0,0.0,0.0,0.24309695,0.0,0.0,0.0,0.0,0.756903,0.0
774,0.0,0.34327194,0.16354781,0.0,0.0,0.0,0.31693554,0.0,0.0,0.1762447
775,0.299957,0.299957,0.22963981,0.0,0.010950534,0.0,0.0,0.0,0.15949553,0.0
776,0.4144666,0.24503785,0.0,0.0,0.0,0.0,0.34049562,0.0,0.0,0.0
777,0.27421516,0.10964359,0.0,0.0,0.0,0.0,0.27421516,0.0,0.0677109,0.27421516
778,0.36952612,0.36952612,0.0,0.0,0.0,0.06518306,0.0,0.05176376,0.14400092,0.0
779,0.0,0.0,0.0,0.0,0.0,0.0,0.0,0.0,1.0,0.0
780,0.30590346,0.12152987,0.21457063,0.0,0.0,0.15012364,0.02460363,0.14992054,0.0,0.03334824
781,0.0,0.0,0.0,0.0,0.0,0.0,0.11643191,0.46703595,0.41653213,0.0
782,0.0,0.0,0.0,0.4863909,0.0,0.5136091,0.0,0.0,0.0,0.0
783,0.0,0.19615822,0.19615822,0.0,0.0,0.19615822,0.0,0.0192089,0.19615822,0.19615822
784,0.0,0.3798549,0.0,0.0,0.0,0.3018257,0.0,0.31831944,0.0,0.0
785,0.068438664,0.26385635,0.03309978,0.051611777,0.045710757,0.26864132,0.26864132,0.0,0.0,0.0
786,0.08549708,0.24724875,0.09292269,0.0,0.0,0.21700405,0.0,0.052862518,0.28069064,0.023774281
787,0.06317918,0.19599211,0.0,0.0,0.19599211,0.19599211,0.19599211,0.14694645,0.0,0.0059059807
788,0.26504266,0.29127622,0.0,0.0,0.0,0.0,0.0,0.0,0.12507503,0.31860608
789,0.0,0.09372349,0.10665261,0.0,0.36236927,0.0,0.07431162,0.0,0.362943,0.0
790,0.22750327,0.22750327,0.002754819,0.22750327,0.0,0.08723211,0.0,0.22750327,0.0,0.0
791,0.0,0.36149144,0.0,0.0,0.039335363,0.0,0.1611585,0.0,0.43801466,0.0
792,0.0,0.5176936,0.09166946,0.0,0.25942817,0.09059716,0.0,0.0,0.04061169,0.0
793,0.0,0.40274674,0.0,0.0,0.0059869187,0.0,0.0,0.0,0.3022351,0.2890313
794,0.0,0.22491258,0.21826857,0.0,0.0,0.026677517,0.22491258,0.0,0.21304731,0.09218136
795,0.0,0.30603737,0.0,0.0,0.0,0.43584207,0.0,0.0,0.25812057,0.0
796,0.0,0.2586743,0.045251407,0.0,0.08198306,0.49442112,0.0,0.0,0.119670086,0.0
797,0.050910633,0.22414924,0.10177628,0.0,0.23829195,0.0,0.29750594,0.0,0.08736599,0.0
798,0.0,0.34797743,0.1314422,0.0,0.0,0.34797743,0.0,0.0,0.0,0.17260288
799,0.0,0.0,0.0,0.0,0.0,0.1345963,0.0,0.43903118,0.42637253,0.0
800,0.073279455,0.3871871,0.0,0.0,0.01222498,0.013166596,0.0,0.3871871,0.103069864,0.023884863
801,0.109732196,0.1556074,0.11223085,0.0,0.0,0.1556074,0.1556074,0.0,0.1556074,0.1556074
802,0.3089542,0.073137365,0.0,0.0,0.0,0.3089542,0.3089542,0.0,0.0,0.0
803,0.0,0.0,0.1268802,0.0,0.0,0.3729611,0.12719764,0.3729611,0.0,0.0
804,0.0,0.0,0.0,0.0,0.0,0.0,0.0,0.0,1.0,0.0
805,0.0,0.0,0.0,0.0,0.0,0.0,0.0,0.0,0.0,1.0
806,0.17301033,0.0,0.27336627,0.0,0.0,0.15111624,0.27336627,0.0,0.0,0.12914085
807,0.0,0.23384413,0.3499395,0.0,0.0,0.0,0.4162163,0.0,0.0,0.0
808,0.3240278,0.3561337,0.0,0.0,0.0,0.0,0.24077299,0.0,0.07906555,0.0
809,0.0,0.19898576,0.0,0.22653383,0.0,0.28717908,0.0,0.0,0.19012247,0.097178906
810,0.10086558,0.15446788,0.0,0.0,0.0,0.0,0.33781156,0.0,0.0,0.40685493
811,0.03942955,0.0,0.0,0.0,0.0,0.0,0.3952302,0.3952302,0.17011009,0.0
812,0.12565486,0.0,0.0,0.0,0.0,0.0652848,0.40453017,0.0,0.0,0.40453017
813,0.22861995,0.0,0.10824442,0.0,0.0,0.22861995,0.22861995,0.17555052,0.030345289,0.0
814,0.0,0.08554662,0.0,0.0,0.36783925,0.0,0.0,0.0,0.0,0.5466141
815,0.061352916,0.27530333,0.0,0.0,0.0,0.24720776,0.0,0.033397917,0.21357194,0.16916616
816,0.0,0.39277405,0.18163149,0.0,0.0,0.01937878,0.0,0.0,0.15744564,0.24877004
817,0.0,0.5149184,0.0,0.0,0.0,0.11353061,0.0,0.0,0.35057828,0.02097274
818,0.0,0.03849061,0.0,0.0,0.0,0.05599265,0.08801681,0.0,0.40874997,0.40874997
819,0.20245224,0.43124697,0.0,0.0,0.0,0.0,0.23191296,0.0,0.13438788,0.0
820,0.114986025,0.3684795,0.12460082,0.0,0.09186042,0.0,0.08796714,0.0,0.21210612,0.0
821,0.51978314,0.0,0.0,0.0,0.0,0.08146568,0.14988704,0.21913154,0.02973256,0.0
822,0.0,0.283234,0.0,0.0,0.0,0.0,0.0,0.0,0.6581203,0.058645733
823,0.28851748,0.29837254,0.09880883,0.0,0.31430116,0.0,0.0,0.0,0.0,0.0
824,0.34880307,0.34123668,0.0,0.0,0.094367385,0.0,0.0,0.077829294,0.0,0.13776354
825,0.02892872,0.32123944,0.0,0.0,0.0,0.0,0.122872286,0.0,0.52695954,0.0
826,0.0,0.2554195,0.0,0.0,0.0,0.0,0.0,0.0,0.37229025,0.37229025
827,0.0,0.0,0.3290575,0.0,0.035582006,0.0,0.4419941,0.008147529,0.0,0.1852188
828,0.38629037,0.0,0.0,0.0,0.0,0.0,0.38629037,0.0,0.2274193,0.0
829,0.0,0.18182598,0.110836364,0.0,0.21418408,0.07310867,0.0,0.0,0.0,0.42004493
830,0.0,0.46884215,0.0,0.0,0.07894871,0.049416415,0.0,0.2759299,0.0,0.12686282
831,0.0,0.21754242,0.0,0.0,0.0,0.21643823,0.21754242,0.0,0.13093449,0.21754242
832,0.0,0.2822683,0.0,0.0,0.0,0.040269803,0.11292535,0.0,0.2822683,0.2822683
833,0.0,0.35293725,0.29412547,0.0,0.0,0.35293725,0.0,0.0,0.0,0.0
834,0.0,0.5492025,0.0,0.0,0.21086253,0.037751522,0.14803274,0.0,0.0,0.054150697
835,0.110392526,0.29653582,0.0,0.0,0.0,0.29653582,0.29653582,0.0,0.0,0.0
836,0.29989964,0.29989964,0.29989964,0.0,0.0,0.035068136,0.0,0.011189364,0.0,0.05404357
837,0.0,0.43368956,0.13559762,0.0,0.0,0.0,0.0,0.0,0.0,0.43071288
838,0.037516154,0.2888162,0.08772885,0.0,0.0,0.07275356,0.19379634,0.0,0.2888162,0.030572668
839,0.11865256,0.3468644,0.0,0.0,0.0,0.0,0.3468644,0.0,0.12949906,0.058119558
840,0.058103595,0.22320977,0.0,0.0,0.04233148,0.22320977,0.22320977,0.0,0.22320977,0.0067257956
841,0.15219395,0.55810773,0.1572822,0.0,0.0,0.0,0.0,0.0,0.1324161,0.0
842,0.44783372,0.0,0.0,0.0,0.13186485,0.0,0.20425944,0.0,0.0,0.21604206
843,0.26068884,0.0,0.43009648,0.0,0.0,0.0,0.0,0.0,0.30921468,0.0
844,0.0,0.10818261,0.72877645,0.0,0.0,0.0,0.0,0.0,0.0,0.16304094
845,0.0,0.019001372,0.15557322,0.0,0.0,0.40756258,0.0,0.41786292,0.0,0.0
846,0.0,0.40836027,0.0,0.0,0.0,0.1928021,0.39883763,0.0,0.0,0.0
847,0.10803791,0.0,0.0,0.0,0.19458733,0.6563942,0.0,0.0,0.04098053,0.0
848,0.0,0.2882018,0.0,0.0,0.0,0.13817483,0.3779908,0.0,0.0,0.1956326
849,0.18735631,0.0,0.038791336,0.0,0.24834213,0.2591427,0.0,0.26636755,0.0,0.0
850,0.061208345,0.36107948,0.0,0.0,0.10956121,0.0,0.019530825,0.0,0.32911113,0.11950897
851,0.067941524,0.5027966,0.0,0.0,0.0,0.0,0.0,0.0,0.42926183,0.0
852,0.0,0.0,0.0,0.0,0.3394712,0.0,0.25923213,0.0,0.40129668,0.0
853,0.3351329,0.3351329,0.0,0.0,0.0,0.0,0.05695185,0.0,0.27278236,0.0
854,0.1318659,0.12652373,0.17137879,0.0,0.0,0.13052027,0.21985565,0.0,0.0,0.21985565
855,0.0,0.285318,0.0,0.0,0.0,0.0,0.285318,0.15377727,0.0,0.27558672
856,0.39436796,0.39436796,0.0,0.0,0.16440885,0.0,0.0,0.0,0.0,0.046855167
857,0.35266086,0.35266086,0.0,0.0,0.16238694,0.0,0.0,0.0,0.13229129,0.0
858,0.1661918,0.20819288,0.0,0.0,0.032951735,0.2963318,0.2963318,0.0,0.0,0.0
859,0.0,0.7303231,0.0,0.0,0.0,0.0,0.26967695,0.0,0.0,0.0
860,0.0,0.35409415,0.0,0.32221198,0.0,0.3236939,0.0,0.0,0.0,0.0
861,0.0,0.253024,0.23498183,0.0,0.0,0.253024,0.0,0.0,0.0059461254,0.253024
862,0.6258507,0.3741493,0.0,0.0,0.0,0.0,0.0,0.0,0.0,0.0
863,0.0,0.42150322,0.0,0.0,0.0,0.3819831,0.1965137,0.0,0.0,0.0
864,0.0,0.14435753,0.21492516,0.0,0.0,0.20477915,0.21492516,0.0,0.21492516,0.0060877437
865,0.0,1.0,0.0,0.0,0.0,0.0,0.0,0.0,0.0,0.0
866,0.19450304,0.36621362,0.0,0.0,0.0,0.0,0.0,0.0,0.073069714,0.36621362
867,0.0,0.3182513,0.15173261,0.14601262,0.0,0.0,0.3182513,0.0,0.065752134,0.0
868,0.0,0.0,0.47100964,0.0,0.0,0.0,0.013173519,0.30495438,0.0,0.21086255
869,0.12651429,0.0,0.21424012,0.0,0.135415,0.20905231,0.22050413,0.094274126,0.0,0.0
870,0.26425904,0.26425904,0.26425904,0.0,0.07106732,0.07906809,0.0,0.0,0.054714635,0.002372849
871,0.0,0.40328178,0.042562995,0.0,0.0,0.19798382,0.0,0.0,0.0,0.3561714
872,0.3768522,0.3608391,0.24816285,0.0,0.0,0.0,0.0,0.014145804,0.0,0.0
873,0.30630746,0.0,0.0,0.17776603,0.0,0.19516164,0.014457394,0.0,0.0,0.30630746
874,0.23254177,0.0,0.09603499,0.0,0.0,0.22875637,0.3576414,0.0,0.0,0.08502547
875,0.4302728,0.0,0.0,0.0,0.0,0.32271385,0.0,0.0,0.0,0.24701336
876,0.109905,0.28120953,0.1714437,0.0,0.0,0.015906805,0.42153502,0.0,0.0,0.0
877,0.0,0.0,0.0,0.0,0.0,0.0,0.0,0.0,1.0,0.0
878,0.30815503,0.04431334,0.30815503,0.0,0.0,0.031221569,0.0,0.0,0.0,0.30815503
879,0.20956896,0.45588726,0.0,0.0,0.11096756,0.0,0.0,0.0,0.0,0.22357626
880,0.0,0.52023184,0.23796217,0.0,0.0,0.0,0.0,0.0,0.241806,0.0
881,0.033200976,0.28993374,0.28993374,0.0,0.052608725,0.0,0.0,0.08678559,0.15863225,0.088904895
882,0.0,0.25712493,0.0,0.0,0.0,0.15874822,0.0,0.0,0.5841269,0.0
883,0.0,0.28973487,0.0010858058,0.0,0.0,0.14703447,0.123508394,0.12072957,0.1634584,0.1544484
884,0.0,0.0,0.0,0.0,0.0,0.36643988,0.36643988,0.1523326,0.0,0.11478754
885,0.31822336,0.16081385,0.0,0.0,0.0,0.011385449,0.0,0.50957733,0.0,0.0
886,0.3735415,0.16915612,0.058290087,0.0,0.0,0.0,0.3735415,0.025470741,0.0,0.0
887,0.0,0.3325964,0.0,0.0022107651,0.0,0.0,0.3325964,0.0,0.0,0.3325964
888,0.13698815,0.37765998,0.0,0.0,0.12265504,0.0104920985,0.0,0.0,0.35220477,0.0
889,0.0,0.0,0.0,0.0,0.0,0.0,0.0,1.0,0.0,0.0
890,0.0,0.3998068,0.37551448,0.0,0.10894661,0.0,0.0,0.0,0.115732044,0.0
891,0.0,0.75021094,0.0,0.0846466,0.0,0.0,0.0,0.16514252,0.0,0.0
892,0.44374934,0.44374934,0.108386375,0.0,0.0,0.0,0.0,0.000503546,0.0036113937,0.0
893,0.21896729,0.15736252,0.0,0.0,0.0,0.0,0.008945869,0.0,0.0,0.61472434
894,0.050583124,0.47470844,0.47470844,0.0,0.0,0.0,0.0,0.0,0.0,0.0
895,0.394274,0.394274,0.1839726,0.0,0.0,0.0,0.0,0.0,0.0,0.027479406
896,0.0,0.1424647,0.0,0.0,0.0,0.19055696,0.2515922,0.2515922,0.16379395,0.0
897,0.066203155,0.36156368,0.11178217,0.0,0.0,0.06509379,0.30396023,0.0,0.0,0.09139703
898,0.0,0.5528194,0.42790306,0.0,0.0,0.01927756,0.0,0.0,0.0,0.0
899,0.17659983,0.0,0.0054588206,0.0,0.0,0.26815042,0.26815042,0.013490109,0.0,0.26815042
900,0.12296217,0.061298218,0.087793134,0.02416618,0.0,0.17708634,0.17574328,0.0,0.11460771,0.236343
901,0.0,0.4118144,0.0,0.0,0.10156542,0.12931153,0.0,0.35730866,0.0,0.0
902,0.0,0.4931376,0.0,0.0,0.094171464,0.0,0.11627087,0.0121207945,0.0,0.28429922
903,0.044208214,0.6836774,0.0,0.0,0.0,0.0,0.0,0.0,0.0,0.27211443
904,0.095226675,0.34693643,0.0,0.0,0.0,0.16273773,0.34693643,0.0,0.04816279,0.0
905,0.0,1.0,0.0,0.0,0.0,0.0,0.0,0.0,0.0,0.0
906,0.0,0.0,0.0,0.0,0.0,1.0,0.0,0.0,0.0,0.0
907,0.0,0.20470496,0.15218036,0.0,0.0,0.28697088,0.26646292,0.0,0.0,0.08968085
908,0.0,0.36526746,0.023954995,0.0,0.0,0.36526746,0.0,0.0,0.24551012,0.0
909,0.0,0.0,0.47339752,0.0,0.0,0.0,0.0,0.0,0.52660245,0.0
910,0.16795917,0.0,0.115747824,0.084833495,0.0,0.18455756,0.16850176,0.0,0.2784002,0.0
911,0.4723828,0.0,0.0,0.0,0.055234376,0.0,0.4723828,0.0,0.0,0.0
912,0.35625133,0.35625133,0.23184246,0.0,0.0,0.055654872,0.0,0.0,0.0,0.0
913,0.0,0.33195138,0.22895224,0.0,0.0,0.09929144,0.33217862,0.0,0.007626315,0.0
914,0.0,0.8037798,0.19622028,0.0,0.0,0.0,0.0,0.0,0.0,0.0
915,0.2801187,0.1556335,0.26933315,0.0,0.0,0.2949147,0.0,0.0,0.0,0.0
916,0.0,0.17922103,0.0,0.0,0.0,0.41702184,0.3449847,0.0,0.0,0.05877233
917,0.0,0.31182426,0.22429179,0.0,0.082107134,0.19910672,0.0,0.0,0.0,0.18267012
918,0.07028859,0.35833335,0.0,0.0,0.0,0.0,0.0,0.0,0.35833335,0.21304476
919,0.0,0.3323302,0.0,0.0,0.003009375,0.0,0.3323302,0.0,0.0,0.3323302
920,0.0,1.0,0.0,0.0,0.0,0.0,0.0,0.0,0.0,0.0
921,0.11633684,0.36766985,0.0,0.0,0.0,0.14832342,0.36766985,0.0,0.0,0.0
922,0.042824272,0.23929395,0.23929395,0.0,0.23929395,0.23929395,0.0,0.0,0.0,0.0
923,0.2440997,0.06633243,0.2634462,0.0,0.0076009464,0.2634462,0.15507449,0.0,0.0,0.0
924,0.25068113,0.0,0.2999626,0.0,0.42909306,0.0,0.020263132,0.0,0.0,0.0
925,0.059342034,0.08058434,0.08314174,0.11425356,0.045198593,0.27598238,0.27598238,0.0,0.06551495,0.0
926,0.09650451,0.0,0.5163043,0.0,0.0,0.0,0.3871912,0.0,0.0,0.0
927,0.0,0.20474575,0.20474575,0.0,0.11635898,0.20474575,0.20474575,0.0,0.064657964,0.0
928,0.0,0.6928224,0.0,0.0,0.30717754,0.0,0.0,0.0,0.0,0.0
929,0.21743636,0.21743636,0.0,0.0,0.0,0.118512906,0.21743636,0.09643178,0.13274617,0.0
930,0.0,0.4637564,0.012713039,0.0,0.0,0.24980354,0.27372706,0.0,0.0,0.0
931,0.0,0.79036134,0.0,0.0,0.20963867,0.0,0.0,0.0,0.0,0.0
932,0.0,0.0,0.3009189,0.08119981,0.0,0.15537609,0.46250525,0.0,0.0,0.0
933,0.0,0.23616762,0.121955745,0.0,0.0,0.06876873,0.23616762,0.0,0.23616762,0.100772694
934,0.040858943,0.3568796,0.0,0.0,0.0,0.29423872,0.0,0.3080227,0.0,0.0
935,0.0,0.50862736,0.0,0.0,0.0,0.20824918,0.0,0.0,0.09880183,0.18432164
936,0.0,0.41696113,0.15522996,0.0,0.0,0.2524623,0.0,0.0,0.17534661,0.0
937,0.2782462,0.32761398,0.15835036,0.0,0.0,0.0,0.14823408,0.0,0.08755541,0.0
938,0.0,0.31741926,0.24483211,0.0,0.0,0.068662204,0.31741926,0.051667158,0.0,0.0
939,0.0,0.3132291,0.0,0.0,0.25057462,0.18386802,0.25232822,0.0,0.0,0.0
940,0.0,0.42669275,0.1725016,0.0,0.0,0.0,0.13517384,0.0,0.26563177,0.0
941,0.15391806,0.174183,0.14724661,0.03737215,0.1546438,0.06880617,0.174183,0.0,0.0,0.08964725
942,0.0,0.41071606,0.0,0.0,0.0,0.0,0.23058867,0.0,0.0,0.35869527
943,0.0,0.106787264,0.0,0.0,0.1153948,0.0,0.7778179,0.0,0.0,0.0
944,0.0,0.34140432,0.31314808,0.0,0.10161301,0.0,0.0,0.068306096,0.17552853,0.0
945,0.11662441,0.38832515,0.0,0.0,0.0,0.0,0.31835476,0.0,0.17669567,0.0
946,0.0,0.16317743,0.2063117,0.0,0.0,0.59528106,0.0,0.0,0.0,0.03522981
947,0.0,0.22200862,0.2071411,0.0,0.13740934,0.0,0.22200862,0.0,0.0,0.21143231
948,0.0,0.0,0.22178942,0.0,0.22178942,0.14941037,0.22178942,0.0,0.0,0.18522137
949,0.087526396,0.40428177,0.36316946,0.0,0.0,0.14502242,0.0,0.0,0.0,0.0
950,0.06749125,0.029491948,0.2674522,0.0,0.0,0.2674522,0.0,0.11327832,0.18171321,0.0731208
951,0.12789029,0.0,0.116007276,0.0,0.0,0.0,0.3780512,0.0,0.3780512,0.0
952,0.19082382,0.2169986,0.0,0.0,0.0,0.0,0.29608878,0.29608878,0.0,0.0
953,0.18607867,0.25357136,0.0,0.0,0.28017497,0.0,0.28017497,0.0,0.0,0.0
954,0.0,0.3090577,0.3090577,0.0,0.0,0.07282682,0.0,0.3090577,0.0,0.0
955,0.0,0.85194343,0.0,0.0,0.0,0.05457715,0.0,0.0,0.09347937,0.0
956,0.0,0.0,0.036109176,0.0,0.0,0.4244661,0.27002752,0.0,0.26939726,0.0
957,0.0,0.5430554,0.041983046,0.0,0.0,0.0,0.32379097,0.0,0.09117055,0.0
958,0.04241932,0.503185,0.051460482,0.0,0.0,0.0,0.0,0.0,0.09682218,0.306113
959,0.0,0.31645092,0.31645092,0.0,0.0,0.0,0.31645092,0.05064728,0.0,0.0
960,0.0,0.23450519,0.17869365,0.0,0.0,0.18265621,0.0,0.06538225,0.0,0.33876267
961,0.0,0.6634211,0.0,0.0,0.0,0.0,0.0,0.0,0.3365789,0.0
962,0.5034879,0.0,0.0,0.0,0.0,0.0,0.0,0.0,0.0,0.49651206
963,0.0,0.0,0.122578844,0.0,0.0,0.3926868,0.2930204,0.10207751,0.08963644,0.0
964,0.20909919,0.32470676,0.0,0.0,0.0,0.0,0.0,0.071575254,0.21236835,0.1822505
965,0.0,0.4708987,0.030950397,0.0,0.16793378,0.16933939,0.0,0.0,0.16087772,0.0
966,0.0,0.32456657,0.0,0.0,0.17507966,0.50035375,0.0,0.0,0.0,0.0
967,0.15144765,0.0,0.5772977,0.0,0.0,0.0,0.0,0.0,0.0,0.27125466
968,0.0,0.07983679,0.12791175,0.0,0.018157836,0.3442867,0.3442867,0.0,0.0,0.08552012
969,0.33310956,0.33310956,0.027157305,0.0,0.0,0.023027528,0.283596,0.0,0.0,0.0
970,0.03327675,0.0,0.25405306,0.0,0.20456417,0.25405306,0.25405306,0.0,0.0,0.0
971,0.26349026,0.0,0.17563045,0.0,0.0,0.26349026,0.19981368,0.0,0.09757531,0.0
972,0.40691224,0.0,0.36533076,0.0,0.0,0.0,0.0,0.0,0.08257949,0.14517751
973,0.0,0.035585172,0.3618414,0.15538561,0.26426065,0.0,0.09679368,0.0,0.0,0.08613347
974,0.33563995,0.0809403,0.03913654,0.0,0.006486945,0.13963568,0.29853147,0.0,0.09962899,0.0
975,0.0,0.13551642,0.15230462,0.0,0.0,0.33382508,0.0,0.0,0.13388407,0.24446976
976,0.0,0.0,0.0,0.0,0.0,0.06335403,0.035914596,0.0,0.0,0.9007314
977,0.0,0.3243511,0.0,0.0,0.0,0.0,0.10337389,0.0,0.32500356,0.24727145
978,0.0,0.2305738,0.2305738,0.0,0.0,0.2305738,0.22477698,0.0,0.0,0.08350159
979,0.0,0.16726151,0.16726151,0.0,0.10131228,0.16200052,0.16726151,0.16726151,0.0,0.06764113
980,0.0,0.88612664,0.06649306,0.047380358,0.0,0.0,0.0,0.0,0.0,0.0
981,0.038470395,0.0,0.0,0.0,0.17084807,0.14860849,0.32060957,0.0,0.00085395615,0.32060957
982,0.09633087,0.11953376,0.0,0.0,0.0,0.1638353,0.0,0.0,0.0,0.62030005
983,0.32358125,0.0,0.22941889,0.0,0.0,0.32358125,0.0,0.0,0.0,0.12341867
984,0.0,0.15333049,0.0,0.0,0.0,0.32319736,0.0,0.20027475,0.32319736,0.0
985,0.0,0.44435102,0.0,0.0,0.0,0.44435102,0.11129789,0.0,0.0,0.0
986,0.42406723,0.049021006,0.0,0.39121845,0.0,0.0,0.0,0.0,0.13569327,0.0
987,0.16284919,0.40333807,0.0,0.0,0.08586463,0.34794813,0.0,0.0,0.0,0.0
988,0.0,0.5288973,0.10335852,0.0,0.037145626,0.0,0.0,0.0,0.0,0.33059862
989,0.0,0.24131285,0.28758916,0.27612346,0.0,0.0,0.0,0.0,0.0,0.19497451
990,0.0,0.0,0.062389925,0.0,0.26828527,0.0,0.43511847,0.0,0.23420632,0.0
991,0.007572327,0.31746376,0.14175867,0.0,0.13927683,0.004785089,0.31746376,0.0,0.071679614,0.0
992,0.35584694,0.35584694,0.15819092,0.0,0.0,0.0,0.0,0.13011512,0.0,0.0
993,0.0,0.0,0.0,0.0,0.0,0.0,0.0,0.6540808,0.34591925,0.0
994,0.0,0.3263543,0.020937134,0.0,0.0,0.3263543,0.0,0.0,0.3263543,0.0
995,0.29487285,0.23971696,0.17053728,0.0,0.0,0.0,0.29487285,0.0,0.0,0.0
996,0.2094282,0.2094282,0.2094282,0.0,0.0,0.2094282,0.008592297,0.15369494,0.0,0.0
997,0.0,0.18949316,0.0,0.0,0.0,0.39491662,0.39491662,0.0,0.0,0.020673608
998,0.17524295,0.26041985,0.17483199,0.0,0.0,0.0,0.26041985,0.0,0.11572332,0.0133620575
999,0.39623198,0.39623198,0.0,0.0,0.11187827,0.0,0.0,0.0,0.09565776,0.0
