Time,AAPL,AMZN,BRK-B,GOOGL,JNJ,MSFT,NVDA,UNH,V,XOM
0,0.0,0.29600722,0.061589375,0.0,0.0,0.0,0.29600722,0.0,0.24696079,0.0994354
1,0.0,0.1904673,0.0,0.0,0.0,0.43401814,0.31820044,0.0,0.0,0.057314064
2,0.0,0.19984691,0.074159436,0.0,0.0,0.0,0.0,0.22971332,0.4962803,0.0
3,0.0,0.2665098,0.22810471,0.0,0.13780041,0.103360154,0.0,0.0,0.26422495,0.0
4,0.0,0.5297162,0.0,0.0,0.47028384,0.0,0.0,0.0,0.0,0.0
5,0.0,0.40587166,0.18825673,0.0,0.0,0.0,0.40587166,0.0,0.0,0.0
6,0.23311384,0.051355932,0.116365716,0.21886966,0.0,0.20437975,0.17591515,0.0,0.0,0.0
7,0.0,0.27598423,0.0,0.0,0.0,0.0,0.41042972,0.22388874,0.0,0.08969738
8,0.0,0.62439007,0.37560996,0.0,0.0,0.0,0.0,0.0,0.0,0.0
9,0.25014547,0.42068464,0.15423971,0.0,0.0,0.0,0.0,0.0,0.17493017,0.0
10,0.07404557,0.25940236,0.0,0.0,0.03132961,0.0,0.2304525,0.0,0.28394866,0.120821305
11,0.0,0.0,0.0,0.0,0.0,0.0,0.0,0.0,0.0,1.0
12,0.20375282,0.0,0.0,0.0,0.11070524,0.1705091,0.20375282,0.0,0.20375282,0.107527204
13,0.056955665,0.2653986,0.20003222,0.0,0.0,0.0,0.16421908,0.0,0.17204803,0.14134642
14,0.26101515,0.16100943,0.0,0.0,0.0,0.015758272,0.119142,0.0,0.28402987,0.15904531
15,0.2587949,0.09833067,0.10294165,0.0,0.0,0.022342948,0.2587949,0.0,0.2587949,0.0
16,0.0,0.44695312,0.1444565,0.0,0.0,0.4085904,0.0,0.0,0.0,0.0
17,0.074281454,0.26585466,0.1281546,0.0,0.0,0.0,0.26585466,0.0,0.26585466,0.0
18,0.37501556,0.0,0.08545462,0.0,0.0,0.3910441,0.0,0.015220259,0.13326544,0.0
19,0.23811314,0.0,0.06043424,0.0,0.0,0.33794275,0.18826498,0.0,0.12907279,0.04617206
20,0.0,0.19139819,0.1760759,0.0,0.3121246,0.0,0.10142678,0.0,0.0,0.21897455
21,0.2461604,0.2992703,0.0,0.0,0.0,0.1349487,0.0,0.0,0.020350298,0.2992703
22,0.0,0.33629638,0.08972755,0.041498445,0.0,0.0,0.33629638,0.19618118,0.0,0.0
23,0.0,0.29497886,0.19010945,0.0,0.0,0.29497886,0.0,0.15401495,0.06591795,0.0
24,0.188161,0.0,0.0256367,0.0,0.0,0.20109771,0.1508738,0.18722448,0.0,0.24700628
25,0.19942506,0.21769762,0.0,0.0,0.0,0.0,0.28550684,0.0,0.2973705,0.0
26,0.0,0.0,0.22655265,0.0,0.0,0.0,0.15985666,0.033797838,0.5797928,0.0
27,0.124843575,0.21737063,0.0,0.0,0.0,0.19691442,0.06956885,0.27318308,0.118119426,0.0
28,0.004231882,0.0,0.18451604,0.0,0.0,0.38317633,0.2627547,0.16132964,0.0039914837,0.0
29,0.0,0.29135996,0.0,0.0,0.0,0.0,0.23558998,0.0,0.18169008,0.29135996
30,0.10091746,0.27408606,0.09175062,0.0,0.13818146,0.14907937,0.1728664,0.0,0.045760274,0.02735829
31,0.1,0.1,0.1,0.1,0.1,0.1,0.1,0.1,0.1,0.1
32,0.0,0.41333464,0.082874104,0.0,0.0,0.0,0.058892846,0.0,0.31708306,0.12781529
33,0.39428037,0.19326553,0.0,0.0,0.0,0.0,0.0,0.0,0.29075605,0.12169804
34,0.59590226,0.0,0.0,0.0,0.0,0.15718281,0.0,0.0,0.0,0.24691492
35,0.0,0.43032658,0.28778163,0.0,0.050703984,0.0,0.1408598,0.0,0.0,0.090328045
36,0.0,0.24869928,0.0,0.0,0.0,0.06991993,0.68138075,0.0,0.0,0.0
37,0.0,0.16892424,0.0,0.0,0.0,0.22611125,0.0,0.01812931,0.2934176,0.2934176
38,0.0,0.5173933,0.0,0.0,0.19369023,0.0,0.0,0.090179466,0.12044749,0.07828957
39,0.0,0.0,0.21033722,0.0,0.0,0.25199506,0.35084337,0.0,0.10553367,0.08129077
40,0.0,0.0,0.0,0.057454042,0.0027171876,0.0,0.024796082,0.21565211,0.37457454,0.324806
41,0.08993111,0.34567508,0.56439376,0.0,0.0,0.0,0.0,0.0,0.0,0.0
42,0.0,0.07615236,0.14335704,0.0,0.27668786,0.39720032,0.0,0.0,0.0,0.106602475
43,0.14619823,0.26751807,0.0,0.0,0.0,0.044017494,0.1908831,0.0,0.33641282,0.014970315
44,0.0,0.8526732,0.0,0.0,0.065420285,0.0,0.0,0.0,0.0,0.081906475
45,0.31586143,0.22072376,0.0,0.0,0.0,0.0954282,0.31586143,0.0,0.052125204,0.0
46,0.0,0.0,0.0,0.0,0.07085126,0.28161255,0.6475362,0.0,0.0,0.0
47,0.0,0.105518065,0.22509316,0.0,0.05300269,0.2648292,0.35155693,0.0,0.0,0.0
48,0.22263658,0.2673257,0.0,0.0,0.0,0.0,0.24271202,0.0,0.2673257,0.0
49,0.0,0.116563804,0.057812423,0.0,0.0,0.20732647,0.32091814,0.0,0.11366207,0.18371706
50,0.06148873,0.0,0.0060644466,0.0,0.0,0.36822212,0.0,0.0,0.2591471,0.30507758
51,0.28306222,0.0,0.0,0.0,0.0,0.022765508,0.0,0.6941722,0.0,0.0
52,0.5,0.0,0.0,0.0,0.0,0.0,0.0,0.0,0.0,0.5
53,0.2345188,0.2345188,0.0,0.0,0.0,0.18335381,0.2345188,0.0,0.11308985,0.0
54,0.0,0.23377691,0.0,0.0,0.051483057,0.61619914,0.0985409,0.0,0.0,0.0
55,0.20611861,0.28907302,0.0,0.0,0.0,0.265403,0.048249062,0.024827275,0.166329,0.0
56,0.0,0.0,0.0,0.11752147,0.0,0.604514,0.0,0.0,0.0,0.27796456
57,0.0,0.0,0.35425562,0.0,0.10436526,0.0,0.05643968,0.0,0.38419333,0.10074607
58,0.1784467,0.12433898,0.0,0.0,0.0,0.20211698,0.20211698,0.09164236,0.15344463,0.04789338
59,0.0,0.0,0.109535255,0.0,0.0,0.51847714,0.3719876,0.0,0.0,0.0
60,0.1219585,0.17295729,0.0,0.0,0.11310086,0.23566256,0.051942624,0.0,0.0,0.30437815
61,0.0,0.47251746,0.0,0.0,0.0,0.0,0.0,0.0,0.32698235,0.2005002
62,0.24812044,0.34171262,0.044952083,0.0,0.0,0.0,0.0,0.0,0.0,0.36521485
63,0.027143253,0.47787204,0.0,0.0,0.017112596,0.47787204,0.0,0.0,0.0,0.0
64,0.24831393,0.24831393,0.0,0.0,0.24831393,0.24831393,0.006744227,0.0,0.0,0.0
65,0.0,0.0,0.042294838,0.0,0.0,0.0,0.36988896,0.21792722,0.0,0.36988896
66,0.42347983,0.057549685,0.3249078,0.0,0.0,0.0,0.0,0.0,0.19406265,0.0
67,0.44205546,0.35892826,0.0,0.0,0.0,0.0,0.12313461,0.0,0.0,0.07588161
68,0.0,0.0,0.12906474,0.0,0.0,0.0,0.69451743,0.0,0.040407706,0.1360102
69,0.09742179,0.25943482,0.0,0.0,0.25943482,0.13416299,0.0,0.0,0.23602799,0.013517597
70,0.392177,0.0,0.11595092,0.0,0.0,0.09969506,0.0,0.0,0.392177,0.0
71,0.0,0.5,0.0,0.0,0.0,0.0,0.5,0.0,0.0,0.0
72,0.13131177,0.11966967,0.21092089,0.0,0.0,0.0,0.3071755,0.06680363,0.16411856,0.0
73,0.0,0.29063764,0.12808706,0.0,0.0,0.29063764,0.29063764,0.0,0.0,0.0
74,0.0,0.3649878,0.14313328,0.0,0.12689105,0.3649878,0.0,0.0,0.0,0.0
75,0.19971664,0.26915535,0.26915535,0.0,0.0,0.16605394,0.09591866,0.0,0.0,0.0
76,0.14363872,0.43040654,0.0091146305,0.0,0.07212458,0.02932873,0.20332587,0.11206093,0.0,0.0
77,0.0,0.29964504,0.0,0.0,0.0,0.0,0.3054187,0.083065584,0.0,0.31187066
78,0.0,0.37187833,0.05730204,0.0,0.0,0.15373194,0.0,0.0,0.24234676,0.17474088
79,0.14600809,0.49114943,0.13488743,0.0,0.090612724,0.1327411,0.004601217,0.0,0.0,0.0
80,0.3217721,0.3217721,0.0,0.0,0.0,0.0,0.0,0.20745504,0.14900076,0.0
81,0.0,0.1443562,0.2852146,0.0,0.0,0.2852146,0.0,0.0,0.0,0.2852146
82,0.0,0.089317225,0.5404646,0.0088504255,0.0,0.3613678,0.0,0.0,0.0,0.0
83,0.0,0.36623,0.0,0.0,0.0,0.29828823,0.0,0.13435136,0.14644006,0.054690324
84,0.22607931,0.22607931,0.09759966,0.0,0.0,0.023220861,0.22607931,0.0,0.0,0.20094155
85,0.03152838,0.261824,0.17432258,0.0,0.0,0.15234673,0.14890546,0.0,0.23107283,0.0
86,0.25913876,0.25913876,0.0,0.0,0.24089055,0.037443098,0.0,0.0,0.20338884,0.0
87,0.47321922,0.0,0.0,0.0,0.0,0.0,0.0,0.0,0.0,0.5267808
88,0.38949093,0.38949093,0.0,0.0,0.0,0.22101818,0.0,0.0,0.0,0.0
89,0.0,0.0,0.0036468,0.0,0.0,0.32898176,0.6114811,0.0,0.055890318,0.0
90,0.0,0.2606005,0.0784687,0.0,0.1594402,0.0,0.2606005,0.2408901,0.0,0.0
91,0.1249908,0.22083111,0.046011947,0.0,0.0,0.15278977,0.22083111,0.026212199,0.20833308,0.0
92,0.0,0.25524014,0.24289773,0.0,0.0014943458,0.16182101,0.0,0.08330662,0.25524014,0.0
93,0.21553558,0.0,0.0,0.0,0.08101904,0.33894897,0.33894897,0.025547476,0.0,0.0
94,0.0,0.08944081,0.0,0.0,0.43415305,0.010104634,0.0,0.0,0.035970647,0.43033084
95,0.17710999,0.0,0.15452857,0.0,0.10223165,0.0,0.28791586,0.25843182,0.019782113,0.0
96,0.0,0.21731211,0.3936847,0.0,0.0,0.23514533,0.014829364,0.048301864,0.0,0.09072663
97,0.020757632,0.4208577,0.28943092,0.0,0.0,0.07424143,0.19268714,0.0,0.002025199,0.0
98,0.0,0.5313133,0.012524395,0.0,0.0,0.026517682,0.3568656,0.0,0.07277896,0.0
99,0.0,0.0,0.0,0.0,0.0,0.0,0.7861022,0.20311321,0.010784603,0.0
100,0.0,0.039584856,0.008311567,0.0,0.0,0.2677059,0.0,0.17175795,0.2677059,0.24493387
101,0.0,0.0,0.0,0.0,0.0,0.0,0.0,0.1683957,0.8316043,0.0
102,0.0,0.58286655,0.049311027,0.0,0.0,0.0,0.0,0.0,0.36782247,0.0
103,0.0,0.0,0.47647688,0.0,0.0,0.15603325,0.0,0.0,0.04145321,0.32603657
104,0.0,0.110883735,0.16907847,0.0,0.051480383,0.30194986,0.3074162,0.0,0.05919139,0.0
105,0.14017294,0.0,0.247731,0.0,0.0,0.0,0.33145958,0.0,0.19146457,0.089171894
106,0.0,0.0,0.675896,0.0,0.0,0.0,0.00086751,0.0,0.32323653,0.0
107,0.0,0.20680468,0.02274243,0.0,0.18504123,0.0,0.17180228,0.0,0.20680468,0.20680468
108,0.12751536,0.0,0.3360599,0.0,0.0951286,0.040209215,0.40108687,0.0,0.0,0.0
109,0.0,0.0,0.23607267,0.26170975,0.0,0.0,0.23945615,0.0,0.26276144,0.0
110,0.0,0.6482592,0.0,0.0,0.0,0.16326927,0.18847154,0.0,0.0,0.0
111,0.17427407,0.0,0.21809895,0.023255391,0.0,0.07601817,0.0,0.2541767,0.2541767,0.0
112,0.0,0.6247616,0.29456958,0.0,0.0,0.0,0.0,0.0,0.0,0.080668814
113,0.0,0.44768223,0.0,0.0,0.059843995,0.0,0.18751028,0.0,0.30496347,0.0
114,0.0,0.27895334,0.0,0.0,0.17941743,0.0,0.0,0.0,0.27895334,0.26267582
115,0.46940696,0.0,0.066890284,0.0,0.06208664,0.15920804,0.0,0.0,0.2424081,0.0
116,0.1,0.1,0.1,0.1,0.1,0.1,0.1,0.1,0.1,0.1
117,0.0,0.24727239,0.1581908,0.04143213,0.2766357,0.0,0.0,0.0,0.27646902,0.0
118,0.33857444,0.33857444,0.0,0.0,0.0,0.0,0.0,0.0,0.2880935,0.03475764
119,0.0,0.4968561,0.29384097,0.0,0.0,0.0,0.0,0.03511848,0.17418446,0.0
120,0.0,0.0,0.5776473,0.0,0.0,0.42235267,0.0,0.0,0.0,0.0
121,0.41365576,0.17268847,0.0,0.0,0.0,0.0,0.0,0.41365576,0.0,0.0
122,0.23488927,0.0,0.23488927,0.03686248,0.18853578,0.08172809,0.0,0.0,0.20834336,0.014751697
123,0.5,0.5,0.0,0.0,0.0,0.0,0.0,0.0,0.0,0.0
124,0.19811635,0.80188364,0.0,0.0,0.0,0.0,0.0,0.0,0.0,0.0
125,0.0,1.0,0.0,0.0,0.0,0.0,0.0,0.0,0.0,0.0
126,0.077565864,0.5462134,0.0,0.0,0.0,0.0,0.024407685,0.0,0.35181305,0.0
127,0.0,1.0,0.0,0.0,0.0,0.0,0.0,0.0,0.0,0.0
128,0.4036668,0.0,0.0,0.0,0.0,0.0,0.26258522,0.19640872,0.052475818,0.084863424
129,0.0,0.43237302,0.24878335,0.0,0.0,0.0,0.05797443,0.0,0.0,0.26086915
130,0.22043629,0.22043629,0.0,0.0,0.0,0.22043629,0.05923055,0.22043629,0.059024267,0.0
131,0.22969122,0.0,0.22969122,0.0,0.035801236,0.22969122,0.0,0.16117735,0.0,0.113947734
132,0.18426654,0.0,0.0,0.0,0.0,0.0,0.0,0.81573343,0.0,0.0
133,0.31880042,0.31371996,0.23336515,0.0,0.0,0.0,0.05761267,0.076501824,0.0,0.0
134,0.0,0.40505284,0.16719629,0.0,0.0,0.0,0.42775083,0.0,0.0,0.0
135,0.0,0.30682194,0.019596,0.0,0.0,0.054095816,0.30682194,0.0,0.1017023,0.21096206
136,0.0,0.0,0.2725707,0.0,0.011780347,0.0,0.5034963,0.0,0.029087892,0.18306477
137,0.39764977,0.102819644,0.0,0.0,0.0,0.0,0.39764977,0.0,0.0,0.10188088
138,0.2345084,0.2345084,0.06000939,0.0019570861,0.0,0.0,0.2345084,0.0,0.2345084,0.0
139,0.13716988,0.47957215,0.05678484,0.0,0.0,0.0,0.006363568,0.0,0.0,0.32010955
140,0.0,0.10951311,0.36001962,0.0,0.0,0.2515924,0.0,0.097994916,0.14399521,0.03688477
141,0.0,0.1371095,0.0,0.0,0.026897924,0.0,0.0,0.22420745,0.6117851,0.0
142,0.269089,0.0,0.0,0.0,0.0,0.044987455,0.0,0.036154468,0.18144654,0.46832252
143,0.1,0.1,0.1,0.1,0.1,0.1,0.1,0.1,0.1,0.1
144,0.11543157,0.26624537,0.0,0.0,0.0,0.0,0.2397924,0.0,0.29088983,0.087640844
145,0.26913992,0.7028639,0.0,0.0,0.0,0.0,0.0,0.0,0.0,0.027996194
146,0.03139298,0.31005755,0.31005755,0.0,0.18715303,0.09062663,0.0,0.0,0.0,0.07071234
147,0.0,0.38416478,0.0,0.0,0.0,0.16266564,0.20113328,0.0,0.20645174,0.045584653
148,0.0,0.16079901,0.50353634,0.0,0.0,0.3356647,0.0,0.0,0.0,0.0
149,0.0,0.7353385,0.0,0.0,0.0,0.038722645,0.0,0.0,0.0,0.22593878
150,0.20436221,0.20436221,0.09447694,0.0,0.0,0.14819989,0.20436221,0.0,0.14423656,0.0
151,0.10308674,0.24266568,0.08652437,0.0,0.0,0.0,0.18025887,0.0,0.13450585,0.25295854
152,0.0775121,0.32558197,0.042790655,0.0,0.109149046,0.0,0.32558197,0.0,0.0,0.119384214
153,0.0,0.26268193,0.0,0.0,0.0,0.0,0.4274617,0.0,0.0,0.30985638
154,0.0,0.0,0.0,0.57852864,0.038436968,0.0,0.0,0.38303438,0.0,0.0
155,0.19350101,0.25627592,0.16967666,0.0,0.0,0.0,0.0,0.20793249,0.1726139,0.0
156,0.03850742,0.36714575,0.21131891,0.0,0.0,0.0,0.0,0.0,0.21615072,0.16687721
157,0.14523649,0.56057435,0.0,0.0,0.0,0.0,0.29418918,0.0,0.0,0.0
158,0.0,0.27566206,0.0,0.0,0.10500839,0.0,0.0,0.036972158,0.55339986,0.028957507
159,0.0,0.33659846,0.0,0.0,0.14800364,0.0,0.22987078,0.0,0.17025115,0.11527595
160,0.0,0.95719355,0.0,0.0,0.0,0.0,0.0,0.0,0.0,0.04280647
161,0.0,0.8099054,0.0,0.0,0.0,0.19009459,0.0,0.0,0.0,0.0
162,0.42832696,0.42832696,0.0072285533,0.0,0.0,0.0,0.0,0.0,0.0,0.13611755
163,0.0,0.0,0.0,0.0,0.0,0.0,1.0,0.0,0.0,0.0
164,0.0,0.0,0.47016016,0.0,0.40517703,0.0,0.0,0.0,0.0,0.12466275
165,0.0,0.439335,0.0,0.0,0.0,0.0,0.0,0.20007926,0.0,0.3605858
166,0.33252952,0.33252952,0.0,0.0,0.0,0.0,0.06714089,0.0,0.0,0.2678001
167,0.0,0.0,0.0,0.0,0.32557842,0.0,0.6744216,0.0,0.0,0.0
168,0.0,0.3882831,0.0,0.0,0.0,0.0,0.4117144,0.0,0.20000245,0.0
169,0.28355506,0.28355506,0.00901862,0.0,0.0,0.0,0.0,0.0,0.20445608,0.21941519
170,0.0,0.3973967,0.0,0.0,0.09402128,0.07555257,0.0,0.0,0.3062306,0.12679884
171,0.058334198,0.097761564,0.11890256,0.0,0.0,0.0,0.16785955,0.0,0.22037658,0.33676556
172,0.0,0.08742153,0.28889686,0.0062154816,0.0,0.0,0.1761778,0.0,0.28889686,0.15239145
173,0.10963915,0.45384443,0.0,0.0,0.008698812,0.26910633,0.15871128,0.0,0.0,0.0
174,0.0,0.0,0.0,0.0,0.0,0.0,0.5530899,0.0,0.0,0.44691002
175,0.0,0.31346384,0.10609827,0.0,0.25765905,0.2565056,0.006819167,0.051326204,0.008127878,0.0
176,0.0,0.29881525,0.0,0.0,0.10355431,0.0,0.29881525,0.0,0.29881525,0.0
177,0.3392079,0.19117737,0.0,0.0,0.0,0.16703759,0.033342246,0.0,0.0,0.2692349
178,0.0,0.109238066,0.36458337,0.16956922,0.0,0.11517005,0.051132757,0.092787184,0.0,0.097519286
179,0.11875404,0.4889932,0.075654685,0.1140631,0.0,0.0,0.0,0.11121323,0.02729057,0.06403114
180,0.0,0.372007,0.15178509,0.0,0.0,0.39585796,0.0,0.08034997,0.0,0.0
181,0.0,0.0,0.042222142,0.0,0.0,0.0,0.26861233,0.19971448,0.18899246,0.30045864
182,0.10417155,0.35054317,0.0,0.0,0.047275122,0.0,0.31171075,0.0,0.13168107,0.05461834
183,0.0,0.3061173,0.0,0.3061173,0.18381046,0.0,0.0,0.18319476,0.0,0.020760179
184,0.0,0.35043147,0.0,0.0,0.0,0.35043147,0.0,0.17398524,0.060311247,0.06484055
185,0.19557938,0.0,0.24600099,0.0,0.17187579,0.15168783,0.07309968,0.0,0.13891904,0.022837209
186,0.02994959,0.46097353,0.0,0.0,0.4068377,0.10223926,0.0,0.0,0.0,0.0
187,0.3731146,0.0,0.0,0.0,0.0,0.59226227,0.03462323,0.0,0.0,0.0
188,0.053022843,0.5084354,0.0,0.0,0.0,0.21871193,0.0,0.0,0.19903646,0.020793373
189,0.46623772,0.036101975,0.0,0.18658485,0.0,0.19180632,0.0,0.0,0.119269125,0.0
190,0.0,0.5788327,0.33498323,0.0,0.0,0.08618407,0.0,0.0,0.0,0.0
191,0.25866926,0.39698598,0.0,0.0,0.0,0.02189009,0.0,0.044836096,0.2240728,0.0535458
192,0.0,0.6056796,0.0,0.0,0.0,0.39432043,0.0,0.0,0.0,0.0
193,0.46853018,0.0,0.5064247,0.0,0.0,0.025045153,0.0,0.0,0.0,0.0
194,0.0,0.58383787,0.0,0.0416386,0.0,0.0,0.0,0.0,0.270165,0.10435856
195,0.0,0.30645993,0.2807434,0.0,0.0,0.0,0.0,0.1954554,0.19756863,0.01977267
196,0.0,0.5,0.0,0.0,0.0,0.0,0.5,0.0,0.0,0.0
197,0.0013549905,0.0,0.31739777,0.0,0.0,0.45891118,0.10990499,0.0,0.11243114,0.0
198,0.23542275,0.25440985,0.0013477263,0.0,0.0,0.0,0.25440985,0.0,0.0,0.25440985
199,0.5172021,0.0,0.0,0.0,0.0,0.36642158,0.0,0.0,0.0,0.1163763
200,0.3109437,0.0,0.0,0.0,0.0,0.0,0.2959264,0.0,0.3931299,0.0
201,0.0,0.37692514,0.19927908,0.062802784,0.0,0.30769295,0.0,0.053300086,0.0,0.0
202,0.0,0.4335621,0.13287582,0.0,0.0,0.0,0.0,0.0,0.0,0.4335621
203,0.0,0.23797333,0.23851113,0.0,0.0,0.0,0.0,0.046493348,0.23851113,0.23851113
204,0.0,0.2785038,0.0932008,0.0,0.0,0.23109542,0.0,0.0,0.11869617,0.2785038
205,0.0,0.3409041,0.072202675,0.0,0.12135595,0.3409041,0.0,0.12463319,0.0,0.0
206,0.0,0.5074842,0.25801224,0.18590283,0.0,0.0,0.0,0.0,0.04860069,0.0
207,0.0,0.0,0.0,0.0,0.5878105,0.10958031,0.0,0.0,0.3026092,0.0
208,0.0,0.0,0.0,0.0,0.0,0.29978916,0.15690757,0.5433033,0.0,0.0
209,0.0,0.0,0.0,0.0,0.0,0.2862015,0.0,0.0,0.4010606,0.31273788
210,0.0,0.2552335,0.032084685,0.0,0.0,0.2552335,0.0,0.0,0.20221479,0.2552335
211,0.0,0.31274703,0.3069681,0.0,0.0,0.3142702,0.06601468,0.0,0.0,0.0
212,0.27716455,0.27716455,0.0,0.0,0.0,0.16850632,0.27716455,0.0,0.0,0.0
213,0.0,0.18406379,0.1792121,0.0,0.21793677,0.36256877,0.0,0.04748734,0.008731184,0.0
214,0.0,0.36280355,0.0,0.0,0.0,0.0,0.36280355,0.0,0.17740117,0.09699171
215,0.0,0.24198166,0.0,0.0,0.0,0.0,0.0,0.0,0.0,0.7580183
216,0.3604408,0.11890934,0.0,0.0,0.16458598,0.0,0.0,0.0,0.0,0.35606384
217,0.0,0.7081479,0.0,0.0,0.0,0.0,0.0,0.0,0.0,0.29185212
218,0.0,0.061520796,0.3836648,0.0,0.0,0.0,0.2944514,0.23971461,0.02064846,0.0
219,0.0,0.0,0.0,0.0,0.07725616,0.27110413,0.27014095,0.38149878,0.0,0.0
220,0.07991899,0.37948075,0.056101955,0.0,0.0,0.0,0.24660526,0.0,0.0,0.23789306
221,0.40746644,0.0,0.010264852,0.0,0.0,0.2919429,0.21679316,0.0,0.0,0.07353266
222,0.0,0.29276103,0.05050527,0.0,0.07226842,0.0,0.24287088,0.0,0.29276103,0.048833314
223,0.0,0.40479708,0.0,0.0,0.0,0.24781463,0.0,0.0,0.01477548,0.3326128
224,0.0,0.003774017,0.0,0.0,0.0,0.36482468,0.0,0.25411174,0.0,0.37728962
225,0.17447186,0.17447186,0.16118003,0.0,0.00369507,0.0,0.14885016,0.17447186,0.0,0.16285925
226,0.2524594,0.0,0.023056766,0.0,0.045972392,0.18764217,0.11307418,0.0,0.12533562,0.2524594
227,0.82565546,0.0,0.0,0.0,0.0,0.0,0.1743446,0.0,0.0,0.0
228,0.5876658,0.12111248,0.24401236,0.0,0.0,0.047209445,0.0,0.0,0.0,0.0
229,0.0,0.3664432,0.0,0.0,0.0,0.0,0.3664432,0.0,0.26711363,0.0
230,0.0,0.34167027,0.0,0.0,0.0,0.31665948,0.0,0.0,0.0,0.34167027
231,0.33766603,0.46787965,0.03950229,0.0,0.15495196,0.0,0.0,0.0,0.0,0.0
232,0.0,0.26447332,0.0,0.0,0.0059433416,0.0035259833,0.26964983,0.12683927,0.12374309,0.20582518
233,0.0,0.43269238,0.5191792,0.0,0.04812847,0.0,0.0,0.0,0.0,0.0
234,0.4367935,0.031874396,0.39929482,0.0,0.0,0.0,0.0,0.0,0.13203725,0.0
235,0.499087,0.4835412,0.0,0.01737183,0.0,0.0,0.0,0.0,0.0,0.0
236,0.0,0.0,0.419315,0.0,0.3865488,0.0,0.0,0.0,0.0,0.1941362
237,0.0,0.1386257,0.0,0.047677174,0.0,0.0,0.25025326,0.36292726,0.20051654,0.0
238,0.0,0.0,0.0,0.0,0.0,0.08895161,0.0,0.0,0.6028908,0.30815756
239,0.07925762,0.211471,0.59235156,0.0,0.07529603,0.0,0.0,0.041623726,0.0,0.0
240,0.0,0.57595116,0.1042672,0.0,0.0,0.19662379,0.0,0.0,0.12315779,0.0
241,0.2739594,0.019746948,0.0,0.0,0.0,0.2739594,0.19931309,0.0,0.2330212,0.0
242,0.2573699,0.0035906127,0.0,0.0,0.0,0.3881357,0.0,0.0,0.35090384,0.0
243,0.2083096,0.2855778,0.0,0.0,0.0,0.0,0.25646523,0.08489282,0.16475458,0.0
244,0.0,0.0,0.0,0.0,0.0,0.0,0.0,0.69106746,0.30893248,0.0
245,0.0,0.23355755,0.34683344,0.0,0.068852425,0.24334025,0.0,0.0,0.107416354,0.0
246,0.0,0.5993836,0.0,0.0,0.051035088,0.0,0.3495813,0.0,0.0,0.0
247,0.06848074,0.30182353,0.0,0.0,0.0,0.1171871,0.32719392,0.0,0.0,0.18531474
248,0.0,0.0,0.0,0.0,0.0,0.0,0.37105775,0.0,0.0,0.62894225
249,0.62318826,0.0,0.3074258,0.0,0.0,0.06938595,0.0,0.0,0.0,0.0
250,0.1923829,0.21064202,0.0,0.0,0.0,0.15927708,0.0,0.1960652,0.17520136,0.06643144
251,0.036247052,0.2592919,0.0,0.0,0.12843722,0.15457967,0.2592919,0.16215228,0.0,0.0
252,0.090210006,0.28991604,0.0,0.0,0.0,0.2691891,0.0,0.0,0.28991604,0.06076884
253,0.0,0.14943023,0.17338732,0.0,0.0,0.33859122,0.33859122,0.0,0.0,0.0
254,0.16003141,0.0,0.0,0.0,0.0,0.0,0.63428915,0.0,0.0,0.20567945
255,0.0,0.0,0.5142453,0.12386921,0.0,0.0,0.0,0.0,0.0,0.36188558
256,0.0,0.0,0.30886474,0.0,0.0,0.0,0.14014333,0.30228668,0.24870524,0.0
257,0.32399756,0.32399756,0.0,0.0,0.011748579,0.0,0.15712658,0.0,0.14744742,0.03568228
258,0.0,0.360575,0.17420225,0.0,0.0,0.0,0.0,0.0,0.23348285,0.2317398
259,0.0,0.29117906,0.0033327253,0.050690435,0.18877475,0.174844,0.0,0.29117906,0.0,0.0
260,0.0,0.20860781,0.0,0.0,0.0,0.007074138,0.44558874,0.0,0.33872935,0.0
261,0.11251094,0.25620544,0.0,0.0,0.0,0.2763565,0.0,0.0,0.2763565,0.07857065
262,0.0,1.0,0.0,0.0,0.0,0.0,0.0,0.0,0.0,0.0
263,0.0,0.1628979,0.0,0.0,0.0,0.34401798,0.35268232,0.04186073,0.0985411,0.0
264,0.18383119,0.18383119,0.03245861,0.0,0.16301706,0.18383119,0.06919956,0.0,0.18383119,0.0
265,0.0,0.33749452,0.0,0.0,0.0,0.0,0.32501096,0.0,0.33749452,0.0
266,0.0,0.0,0.0,0.0,0.0,0.27656698,0.0,0.0,0.7234331,0.0
267,0.2695487,0.32160676,0.12010727,0.0,0.0,0.076286584,0.0,0.21245067,0.0,0.0
268,0.0,0.36548942,0.13574636,0.0,0.0,0.36548942,0.02800914,0.10526568,0.0,0.0
269,0.056696042,0.24977724,0.106017254,0.0,0.19295178,0.0,0.0,0.0,0.17217726,0.22238043
270,0.0,0.525439,0.0,0.0,0.0,0.0,0.36395854,0.0,0.0,0.11060248
271,0.0,0.15032908,0.04410112,0.0,0.0,0.0,0.030795049,0.0,0.27780226,0.49697247
272,0.16900814,0.2759639,0.0,0.0,0.0,0.09418026,0.21511342,0.0,0.24573435,0.0
273,0.2441488,0.2441488,0.0,0.0,0.0,0.0010314825,0.2441488,0.022373358,0.2441488,0.0
274,0.0,0.31112298,0.28434524,0.0,0.0,0.08201135,0.32252043,0.0,0.0,0.0
275,0.0,0.0,0.24426293,0.0,0.0,0.0,0.0,0.75573707,0.0,0.0
276,0.0,0.36999387,0.0,0.0,0.0,0.0,0.0,0.26001227,0.36999387,0.0
277,0.0,0.1455624,0.0,0.0,0.0,0.23730274,0.47216287,0.0,0.0,0.14497198
278,0.0,0.0,0.4255902,0.0,0.0,0.0,0.0,0.5744098,0.0,0.0
279,0.071330875,0.26563665,0.0,0.0,0.0,0.0011075224,0.66192496,0.0,0.0,0.0
280,0.0,0.09874134,0.21884002,0.0,0.0,0.09566808,0.21884002,0.16082531,0.0,0.20708519
281,0.07979177,0.23005205,0.23005205,0.0,0.0,0.0,0.23005205,0.0,0.23005205,0.0
282,0.396627,0.37120897,0.0,0.0,0.0,0.23216398,0.0,0.0,0.0,0.0
283,0.15140401,0.26739773,0.0,0.0,0.0,0.0,0.2567149,0.0,0.01814716,0.30633616
284,0.33524024,0.0,0.33524024,0.0,0.0,0.0,0.32367796,0.0,0.0,0.005841544
285,0.21514478,0.14768448,0.30548576,0.0,0.0,0.27637112,0.0,0.0,0.055313744,0.0
286,0.0,0.0,0.33398363,0.0,0.0,0.113481306,0.0,0.0,0.24736775,0.30516732
287,0.0,0.10658647,0.275333,0.0,0.20399792,0.15200244,0.0,0.0,0.16073494,0.101345286
288,0.0,0.30038473,0.0,0.0,0.2924679,0.02598038,0.30038473,0.0,0.0,0.08078225
289,0.0,0.374073,0.3175859,0.0,0.0,0.22415072,0.08419036,0.0,0.0,0.0
290,0.0,0.95506424,0.0,0.0,0.0,0.0,0.0,0.0,0.0,0.044935722
291,0.101792134,0.23818322,0.021867555,0.0,0.03266674,0.0,0.23818322,0.23818322,0.053103387,0.07602058
292,0.0,0.3148919,0.0,0.0,0.12666142,0.24355471,0.0,0.0,0.3148919,0.0
293,0.5140843,0.0,0.124068014,0.0,0.0,0.0,0.0,0.0,0.0,0.36184767
294,0.0,0.26023406,0.0,0.0,0.0063914587,0.082080655,0.31748125,0.31748125,0.016331334,0.0
295,0.0,0.41829076,0.16341847,0.0,0.0,0.0,0.41829076,0.0,0.0,0.0
296,0.0,0.4270358,0.0,0.0,0.0,0.0,0.0,0.0,0.36380434,0.20915982
297,0.0,0.0,0.4113442,0.0,0.0,0.034830946,0.4113442,0.0,0.0,0.14248076
298,0.6979719,0.0,0.0,0.0,0.0,0.30202812,0.0,0.0,0.0,0.0
299,0.1342898,0.3670925,0.0,0.0,0.0,0.0,0.49861768,0.0,0.0,0.0
300,0.0,0.38740015,0.0,0.0,0.0,0.35100153,0.0,0.12933566,0.13226266,0.0
301,0.1581006,0.3395624,0.0,0.0,0.0,0.0,0.39733458,0.0,0.10500244,0.0
302,0.24189241,0.28390893,0.1741091,0.0,0.0,0.0,0.10644398,0.0,0.19364555,0.0
303,0.0,0.31995064,0.25267535,0.0,0.055316214,0.0,0.20905451,0.0,0.07405666,0.08894662
304,0.0,0.3498978,0.0,0.0,0.23901358,0.3498978,0.061190773,0.0,0.0,0.0
305,0.0,0.37646437,0.0,0.0,0.0,0.0,0.37646437,0.0,0.2470712,0.0
306,0.0,0.5,0.0,0.0,0.0,0.0,0.5,0.0,0.0,0.0
307,0.19137904,0.19137904,0.11715996,0.0,0.13285783,0.0,0.19137904,0.0,0.037786238,0.13805881
308,0.0,0.24263866,0.0,0.0,0.444633,0.31272832,0.0,0.0,0.0,0.0
309,0.0,0.17196102,0.40490222,0.0,0.0,0.0,0.42313677,0.0,0.0,0.0
310,0.0,0.034298744,0.0,0.0,0.13476664,0.12690791,0.0,0.513321,0.0,0.19070572
311,0.18303813,0.38448915,0.28059462,0.0,0.0,0.036765337,0.08145898,0.0,0.03365377,0.0
312,0.29020202,0.24909875,0.0,0.0,0.048137087,0.0,0.0,0.0,0.016685748,0.39587632
313,0.11608367,0.0,0.3510296,0.13710831,0.0,0.0,0.26458204,0.0,0.0,0.13119642
314,0.0,0.50690615,0.0,0.0,0.0,0.4381825,0.0,0.0,0.0,0.054911338
315,0.13232577,0.35465577,0.0,0.0,0.0,0.0,0.15836272,0.0,0.35465577,0.0
316,0.0,0.28167444,0.15444787,0.0,0.0,0.25642833,0.053869776,0.0,0.0,0.25357956
317,0.0,0.37176096,0.042464584,0.0,0.0,0.34122875,0.0,0.0,0.1988086,0.04573712
318,0.14520645,0.0,0.08898477,0.0,0.0,0.0,0.46339178,0.30241698,0.0,0.0
319,0.25495613,0.24019398,0.0,0.0,0.0,0.0,0.31528872,0.0,0.14025731,0.049303886
320,0.0,0.4451913,0.0,0.0,0.0,0.0,0.0,0.0,0.10961733,0.4451913
321,0.4840413,0.258444,0.13156652,0.0,0.12594819,0.0,0.0,0.0,0.0,0.0
322,0.052255765,0.20459616,0.14602543,0.0,0.0,0.20459616,0.20459616,0.0,0.18793035,0.0
323,0.0,0.0,0.0,0.0,0.0,0.7543107,0.0,0.0,0.0,0.24568927
324,0.0,0.5,0.0,0.0,0.0,0.0,0.0,0.0,0.0,0.5
325,0.24611124,0.0,0.20369703,0.0,0.0,0.0,0.27067646,0.008838811,0.27067646,0.0
326,0.246829,0.246829,0.030065706,0.0,0.0,0.0850418,0.14055337,0.0,0.246829,0.0038521553
327,0.0,0.42597136,0.18440816,0.0,0.0,0.0,0.0,0.0,0.38962048,0.0
328,0.0,0.0,0.18751355,0.0,0.0,0.0,0.0,0.3404163,0.0,0.4720702
329,0.0,0.35239407,0.0,0.0,0.0,0.19424511,0.0,0.0,0.35239407,0.10096673
330,0.0,0.50783914,0.0,0.0,0.0,0.0,0.0,0.0,0.21382555,0.27833527
331,0.0,0.0,0.0,0.0,0.0338526,0.0,0.7974854,0.0,0.0,0.16866195
332,0.21323854,0.17395598,0.1863284,0.0,0.0,0.21323854,0.0,0.0,0.21323854,0.0
333,0.23092955,0.23988028,0.24043034,0.108297504,0.0,0.15897873,0.0,0.0,0.0,0.021483485
334,0.0,0.24216947,0.0,0.0,0.0,0.0,0.75783056,0.0,0.0,0.0
335,0.34815353,0.15756427,0.0,0.0,0.0,0.0,0.0,0.0,0.09869113,0.39559108
336,0.0,0.18772517,0.0,0.0,0.38135153,0.049571685,0.0,0.0,0.0,0.38135153
337,0.0,0.13850302,0.0,0.17163633,0.04670994,0.0,0.23077548,0.0,0.15694799,0.2554272
338,0.0,0.0,0.0,0.0,0.0,0.47977647,0.0,0.0,0.52022356,0.0
339,0.3497547,0.0114081055,0.28908256,0.0,0.0,0.3497547,0.0,0.0,0.0,0.0
340,0.33829966,0.11747715,0.0,0.0,0.0,0.19474016,0.17531146,0.17417155,0.0,0.0
341,0.23767833,0.38116083,0.0,0.0,0.0,0.0,0.38116083,0.0,0.0,0.0
342,0.37490788,0.20245649,0.0,0.0,0.007881988,0.0,0.0,0.0,0.0,0.41475368
343,0.0,0.6761433,0.0,0.0,0.0,0.0,0.32385674,0.0,0.0,0.0
344,0.0,0.16666667,0.16666667,0.0,0.0,0.16666667,0.16666667,0.16666667,0.16666667,0.0
345,0.0,0.375563,0.0,0.0,0.0,0.0,0.053301733,0.0,0.0,0.5711353
346,0.0,0.42795217,0.0,0.0,0.0,0.0,0.42795217,0.0,0.1440957,0.0
347,0.024198158,0.27397704,0.041433554,0.0,0.0,0.6157764,0.0,0.0,0.0,0.04461479
348,0.0,0.4574336,0.0,0.0,0.0,0.27086398,0.27170238,0.0,0.0,0.0
349,0.26331672,0.07449404,0.3672545,0.0,0.0,0.1941577,0.10077708,0.0,0.0,0.0
350,0.14512424,0.4433965,0.0,0.0,0.0,0.0,0.1573147,0.0,0.04728906,0.20687541
351,0.0,1.0,0.0,0.0,0.0,0.0,0.0,0.0,0.0,0.0
352,0.0,0.20798403,0.21015851,0.0,0.0,0.06459879,0.13030015,0.0,0.1768001,0.21015851
353,0.33423138,0.043129098,0.30639648,0.0,0.0,0.062924385,0.0,0.0,0.15634471,0.096973956
354,0.28147298,0.45829016,0.034838796,0.0,0.0,0.0,0.0,0.0,0.19085814,0.03453989
355,0.0,0.30541253,0.0,0.0,0.46008033,0.0,0.0,0.0,0.0,0.2345072
356,0.0,0.028665107,0.07163569,0.21702892,0.0,0.0,0.6826703,0.0,0.0,0.0
357,0.34064335,0.18255092,0.22186865,0.0,0.013025333,0.03542825,0.101635925,0.0,0.10484749,0.0
358,0.4679688,0.0,0.0,0.0,0.0,0.0,0.0,0.0,0.53203124,0.0
359,0.0,0.5,0.5,0.0,0.0,0.0,0.0,0.0,0.0,0.0
360,0.0,0.0,0.0,0.0,0.0,0.57436264,0.0,0.0,0.42563733,0.0
361,0.0,0.0,0.0838727,0.0,0.0,0.47389606,0.2029587,0.0,0.0,0.23927255
362,0.0,0.49133864,0.0,0.0,0.0,0.13881907,0.0,0.0,0.32387766,0.04596455
363,0.0042801085,0.43025085,0.0,0.0,0.43025085,0.1352181,0.0,0.0,0.0,0.0
364,0.36123663,0.36123663,0.0,0.0,0.0997815,0.17774527,0.0,0.0,0.0,0.0
365,0.31595474,0.0,0.4005858,0.0,0.0,0.0,0.0,0.0,0.28345942,0.0
366,0.0,0.0,0.4179153,0.0,0.0,0.0,0.3357965,0.0,0.0,0.24628817
367,0.07041988,0.21841958,0.17050269,0.0,0.0,0.14821078,0.010785222,0.20916544,0.1724964,0.0
368,0.0,0.523296,0.026135013,0.0,0.07557511,0.2778019,0.097191915,0.0,0.0,0.0
369,0.49491662,0.0,0.0,0.0,0.0,0.41923228,0.030333916,0.0,0.05551721,0.0
370,0.0,0.5200233,0.47997674,0.0,0.0,0.0,0.0,0.0,0.0,0.0
371,0.0,0.31447265,0.0,0.0,0.0,0.28741384,0.31447265,0.0,0.08364089,0.0
372,0.4734672,0.0,0.0,0.0,0.0,0.0,0.4734672,0.0,0.0,0.053065557
373,0.1772073,0.2562056,0.046351712,0.0,0.0,0.2562056,0.017715696,0.0,0.17879283,0.06752127
374,0.25781882,0.25781882,0.06487546,0.0,0.0,0.0,0.0,0.0,0.21382202,0.2056649
375,0.003516186,0.25352502,0.060866546,0.0,0.0,0.0,0.0,0.0,0.5560027,0.12608956
376,0.11077305,0.29570514,0.0,0.0,0.09699506,0.025254326,0.0,0.0,0.17556727,0.29570514
377,0.0,0.25036123,0.46592823,0.0,0.0,0.24290183,0.0,0.0,0.0,0.040808808
378,0.04482074,0.3086766,0.06821653,0.0,0.1388835,0.13072605,0.0,0.0,0.0,0.3086766
379,0.34769258,0.0,0.0,0.0,0.0,0.34769258,0.0,0.0,0.08144456,0.22317028
380,0.06538009,0.19702567,0.20432653,0.0,0.0,0.028194003,0.0,0.0,0.19997409,0.30509964
381,0.27445692,0.0,0.0,0.0,0.0,0.0,0.033303324,0.39869386,0.29354593,0.0
382,0.0,0.30872142,0.0,0.0,0.0,0.21911608,0.0,0.0,0.0,0.47216246
383,0.0,0.0,0.53828984,0.0,0.0,0.0,0.0,0.0,0.0,0.46171018
384,0.2813723,0.023327924,0.106326744,0.0,0.0,0.0,0.0,0.13946943,0.17516463,0.2743389
385,0.25730088,0.25730088,0.050664034,0.0,0.0,0.003166893,0.25550762,0.0,0.0,0.1760597
386,0.057839267,0.13508138,0.26882258,0.0,0.0,0.0,0.0,0.0,0.24807772,0.29017907
387,0.15614043,0.060262155,0.0,0.0,0.0,0.0,0.39774498,0.0,0.38585246,0.0
388,0.0,0.26263744,0.0,0.0,0.6896172,0.0,0.047745306,0.0,0.0,0.0
389,0.16511132,0.20831321,0.20831321,0.0,0.0,0.0016357853,0.20831321,0.0,0.0,0.20831321
390,0.30195388,0.26976773,0.06976431,0.0,0.09550027,0.0,0.0,0.0,0.0,0.26301378
391,0.0,0.0,0.14629033,0.0,0.31521377,0.0,0.25251156,0.0,0.28598437,0.0
392,0.20712863,0.21837331,0.21837331,0.0,0.0,0.13775146,0.21837331,0.0,0.0,0.0
393,0.59778976,0.19620945,0.055069156,0.0,0.0,0.0,0.15093161,0.0,0.0,0.0
394,0.0,0.56094927,0.0,0.0,0.0,0.43905073,0.0,0.0,0.0,0.0
395,0.36145055,0.21290769,0.0,0.0,0.0,0.03997773,0.36145055,0.0,0.0242135,0.0
396,0.25,0.25,0.0,0.0,0.0,0.25,0.0,0.0,0.25,0.0
397,0.0,0.37168744,0.0,0.0,0.048466336,0.0,0.20815878,0.0,0.0,0.37168744
398,0.08578277,0.1808322,0.1808322,0.0,0.045038734,0.06328678,0.14329201,0.0,0.12010312,0.1808322
399,0.0,0.0,0.0,0.0,0.0,1.0,0.0,0.0,0.0,0.0
400,0.18181339,0.26464596,0.0,0.0,0.04991461,0.0,0.20788787,0.0,0.17282361,0.12291453
401,0.09303769,0.0,0.0,0.0,0.0,0.0,0.0,0.0,0.0,0.9069623
402,0.0,0.15201306,0.31884447,0.0,0.0,0.08388659,0.24952161,0.0,0.19573428,0.0
403,0.0,0.5441541,0.0,0.0,0.0,0.06826352,0.0,0.0,0.3875823,0.0
404,0.89889175,0.0,0.10110822,0.0,0.0,0.0,0.0,0.0,0.0,0.0
405,0.0,0.40344062,0.0,0.0,0.17633177,0.09542378,0.0,0.0,0.27904022,0.045763496
406,0.0,0.54584855,0.25787202,0.0,0.0,0.0,0.0,0.0,0.034981266,0.16129816
407,0.0,0.4081349,0.0,0.27790383,0.21553724,0.0,0.0,0.0,0.09842399,0.0
408,0.2032174,0.5241938,0.0,0.0,0.0,0.0,0.0,0.0,0.0,0.27258876
409,0.14319746,0.19931161,0.0,0.0,0.0,0.09868484,0.0,0.0,0.27940303,0.27940303
410,0.26117548,0.3852274,0.0,0.0,0.0,0.0,0.0,0.0,0.3358217,0.017775493
411,0.0,0.0,0.27042025,0.0,0.0,0.2723033,0.0,0.45727637,0.0,0.0
412,0.2815136,0.44643265,0.0,0.0,0.0,0.16425715,0.0,0.0,0.0,0.107796624
413,0.0,0.0,0.0,0.0,0.1648844,0.0,0.33260027,0.33260027,0.0,0.16991502
414,0.22242971,0.35382915,0.0,0.0,0.0,0.329054,0.0,0.09468714,0.0,0.0
415,0.0,0.24717304,0.25083235,0.0,0.0,0.25083235,0.00032991497,0.0,0.0,0.25083235
416,0.11491068,0.44773015,0.012385425,0.0,0.0,0.14233477,0.282639,0.0,0.0,0.0
417,0.22921978,0.22921978,0.0,0.05318563,0.0,0.0,0.0,0.056672193,0.2024828,0.22921978
418,0.064675055,0.104921654,0.16202189,0.0,0.18808633,0.19228373,0.0,0.0,0.2880113,0.0
419,0.28750804,0.3129297,0.026310612,0.0,0.16517493,0.0,0.0,0.0,0.20807675,0.0
420,0.0005877359,0.36052126,0.0,0.0,0.023746435,0.36052126,0.11314352,0.0,0.14147982,0.0
421,0.0,0.080790296,0.17901659,0.0,0.15964383,0.0,0.35029116,0.0,0.23025817,0.0
422,0.0,0.26377153,0.0,0.0,0.20194185,0.20262532,0.12530144,0.09296247,0.113397345,0.0
423,0.0,0.0,0.0,0.0,0.0,0.0,0.79157794,0.0,0.0,0.2084221
424,0.2636701,0.06517159,0.0,0.0,0.0,0.0,0.5479656,0.12319281,0.0,0.0
425,0.21778032,0.31300262,0.0,0.0,0.0,0.0,0.31300262,0.0,0.15621448,0.0
426,0.0,0.0,0.0,0.0,0.0,0.0,0.71391547,0.0,0.0,0.28608453
427,0.0,1.0,0.0,0.0,0.0,0.0,0.0,0.0,0.0,0.0
428,0.019681744,0.2282633,0.0,0.0,0.19592355,0.17851715,0.2282633,0.0,0.10387491,0.045476038
429,0.0,0.0,0.32424793,0.15745513,0.0,0.14342104,0.32424793,0.0,0.05062797,0.0
430,0.0,0.33333334,0.0,0.0,0.0,0.0,0.33333334,0.33333334,0.0,0.0
431,0.061493,0.0,0.54843956,0.0,0.0,0.0,0.0,0.0,0.0,0.39006743
432,0.0,0.9487299,0.0,0.0512701,0.0,0.0,0.0,0.0,0.0,0.0
433,0.35714617,0.17046683,0.0,0.0,0.0,0.0,0.0,0.0,0.0,0.47238705
434,0.0,0.0,0.0,0.0,0.0,0.0,0.15976986,0.0,0.4889045,0.35132566
435,0.0,0.0,0.0,0.0,0.013722555,0.18081953,0.51281106,0.13281721,0.1598296,0.0
436,0.0,0.31030664,0.0,0.0,0.0,0.0,0.31030664,0.0,0.06908007,0.31030664
437,0.0,0.0,0.0,0.0,0.0,0.70864016,0.29135984,0.0,0.0,0.0
438,0.262607,0.30326968,0.28313154,0.0,0.0,0.0,0.0,0.15099178,0.0,0.0
439,0.0,0.34865057,0.0,0.0,0.0,0.1826522,0.14602727,0.0,0.27365944,0.049010564
440,0.0,0.3498673,0.0,0.0,0.16474523,0.17073137,0.0,0.09694357,0.0011196503,0.21659282
441,0.17363045,0.27489716,0.0,0.0,0.054489627,0.23687635,0.0,0.0,0.0,0.26010638
442,0.20259309,0.0,0.0,0.0,0.0,0.0,0.7974069,0.0,0.0,0.0
443,0.054680593,0.70207155,0.21559715,0.0,0.0,0.0,0.0,0.0,0.0,0.02765067
444,0.0,1.0,0.0,0.0,0.0,0.0,0.0,0.0,0.0,0.0
445,0.21017501,0.31676972,0.0,0.0,0.0,0.31676972,0.0,0.052645136,0.10364044,0.0
446,0.0,0.49743652,0.0,0.0,0.06547893,0.0,0.0,0.4370846,0.0,0.0
447,0.0,0.24527228,0.07469074,0.0,0.0,0.0,0.3949692,0.0,0.28301182,0.0020559758
448,0.22273979,0.3836404,0.0,0.0,0.0,0.0963094,0.0,0.0,0.09353042,0.20377997
449,0.29175067,0.0,0.11056015,0.0,0.0,0.2253768,0.069976375,0.0,0.11463465,0.18770139
450,0.0,0.48263824,0.0,0.0,0.0,0.15784027,0.0,0.19910891,0.0,0.1604126
451,0.42961177,0.57038826,0.0,0.0,0.0,0.0,0.0,0.0,0.0,0.0
452,0.0,0.28317,0.381347,0.0,0.10159817,0.0,0.0014264017,0.0,0.2324584,0.0
453,0.28210947,0.29147294,0.113921635,0.0,0.0,0.056542236,0.0,0.0,0.0,0.2559538
454,0.622296,0.0,0.0,0.0,0.0,0.0,0.0,0.0,0.0,0.37770405
455,0.0,0.0,0.41035363,0.0,0.0,0.5157487,0.03268245,0.0,0.0,0.041215304
456,0.0,0.0,0.0,0.0,0.0,0.0,0.0,0.0,0.0,1.0
457,0.5777695,0.0,0.0,0.0,0.0,0.0,0.42223045,0.0,0.0,0.0
458,0.0,0.2498415,0.09991408,0.0,0.0,0.030639572,0.2498415,0.0,0.11992193,0.2498415
459,0.0,0.48447448,0.0,0.0,0.0,0.07905184,0.0,0.43647373,0.0,0.0
460,0.0,0.64849585,0.35150418,0.0,0.0,0.0,0.0,0.0,0.0,0.0
461,0.0,0.44619316,0.051503614,0.0,0.0,0.44619316,0.0,0.05611007,0.0,0.0
462,0.18397282,0.32035226,0.15833905,0.0,0.0,0.016983612,0.32035226,0.0,0.0,0.0
463,0.31536007,0.0,0.21913457,0.0,0.0,0.0,0.31536007,0.0,0.0,0.15014529
464,0.0,0.0,0.0,0.0,0.0,0.15048641,0.4173256,0.0,0.014862409,0.4173256
465,0.0,0.25131208,0.0,0.0,0.0,0.37023714,0.008213624,0.37023714,0.0,0.0
466,0.104152516,0.15815273,0.22858825,0.0,0.0,0.09761264,0.0,0.0,0.41149387,0.0
467,0.616974,0.14221884,0.0,0.0,0.0,0.0,0.0,0.24080715,0.0,0.0
468,0.0,0.07030177,0.41393164,0.0,0.0,0.41393164,0.0,0.10183495,0.0,0.0
469,0.0,0.0,0.0,0.0,0.0,0.66915303,0.023277326,0.30756968,0.0,0.0
470,0.1537048,0.334994,0.18404928,0.0,0.0,0.32724068,0.0,0.0,1.1298626e-05,0.0
471,0.0,0.32970664,0.5184568,0.0,0.115512304,0.0,0.0,0.0,0.0,0.03632414
472,0.07015857,0.3612468,0.2580313,0.0,0.0,0.0,0.0,0.3105633,0.0,0.0
473,0.0016469073,0.19988453,0.23186556,0.0,0.010163947,0.23186556,0.092707925,0.0,0.23186556,0.0
474,0.11837887,0.2644374,0.0,0.0,0.0,0.19327205,0.2644374,0.0,0.15947425,0.0
475,0.0,0.35838988,0.0,0.0,0.04924537,0.0,0.35838988,0.022043824,0.211931,0.0
476,0.1,0.1,0.1,0.1,0.1,0.1,0.1,0.1,0.1,0.1
477,0.049973514,0.14559966,0.16582848,0.0,0.1802187,0.14071693,0.2231443,0.0,0.094518386,0.0
478,0.14333849,0.67535484,0.0,0.020146787,5.73221e-05,0.0,0.0,0.0,0.16110253,0.0
479,0.25095952,0.2721223,0.08222857,0.0,0.2721223,0.0,0.0,0.0,0.0,0.12256727
480,0.19067279,0.0,0.0,0.0,0.0,0.31730598,0.49202123,0.0,0.0,0.0
481,0.28487995,0.28487995,0.0,0.0,0.0,0.28487995,0.0,0.0,0.0,0.14536019
482,0.077790484,0.0,0.17064516,0.0,0.0,0.18113928,0.0,0.0,0.22719616,0.34322897
483,0.06834111,0.10518425,0.28818825,0.0,0.03470249,0.0,0.28818825,0.1590132,0.056382384,0.0
484,0.0,0.2193169,0.0,0.0,0.2886503,0.18650788,0.0,0.1757958,0.12972906,0.0
485,0.63471603,0.050860185,0.0,0.0,0.0,0.31442374,0.0,0.0,0.0,0.0
486,0.16603935,0.22690344,0.1780296,0.0,0.0,0.12257866,0.0,0.0,0.0,0.30644894
487,0.0,0.0,0.0,0.0,0.0,0.0,0.5217095,0.0,0.37389556,0.104394935
488,0.0,0.2829941,0.15101773,0.0,0.0,0.2829941,0.2829941,0.0,0.0,0.0
489,0.28297204,0.28297204,0.0797191,0.0,0.0,0.05200762,0.27636603,0.0,0.025963226,0.0
490,0.0,0.35585323,0.0,0.0,0.0,0.3951825,0.0,0.0,0.12803607,0.12092819
491,0.011906274,0.0,0.0,0.0,0.0,0.0,0.0,0.0,0.48683065,0.501263
492,0.0,0.0,0.0,0.0,0.0,0.9001938,0.0,0.0,0.09980624,0.0
493,0.0,0.16532607,0.042490643,0.16532607,0.062347468,0.11305982,0.0,0.16532607,0.16532607,0.120797805
494,0.0,0.17289619,0.37926462,0.0,0.0,0.068574585,0.37926462,0.0,0.0,0.0
495,0.13033372,0.28526783,0.31876057,0.0,0.13194954,0.13368832,0.0,0.0,0.0,0.0
496,0.22226311,0.20257555,0.02371803,0.06036301,0.0,0.05762265,0.034808435,0.0,0.3986493,0.0
497,0.099108346,0.13576645,0.247905,0.0,0.0,0.0,0.1877434,0.046785407,0.0,0.2826914
498,0.0,0.256161,0.06692002,0.0,0.0,0.16104484,0.28122753,0.0,0.2346466,0.0
499,0.0,0.2350983,0.0,0.0,0.0,0.0,0.43557775,0.18510963,0.0,0.14421426
500,0.0,0.40000257,0.08833577,0.0,0.0,0.046603683,0.40000257,0.0,0.0,0.06505541
501,0.23632753,0.23632753,0.0,0.031279404,0.0,0.0,0.23632753,0.023410436,0.23632753,0.0
502,0.0,0.37298083,0.0,0.0,0.0,0.37298083,0.0,0.0,0.050559055,0.2034793
503,0.0,0.47853968,0.0,0.0,0.0038319475,0.15691817,0.3607102,0.0,0.0,0.0
504,0.19856584,0.0,0.1962575,0.0,0.0,0.30258834,0.0,0.0,0.0,0.30258834
505,0.24258088,0.19316885,0.07908848,0.0,0.0,0.0,0.24258088,0.0,0.24258088,0.0
506,0.0,0.34788293,0.0,0.0,0.0,0.0,0.13604821,0.1681859,0.34788293,0.0
507,0.3102251,0.0,0.08225379,0.0,0.0,0.0,0.105501465,0.0,0.39293447,0.10908515
508,0.0,0.27381092,0.0,0.0,0.0,0.0,0.20447,0.13276668,0.11514147,0.27381092
509,0.23495498,0.06243973,0.0,0.0,0.08059458,0.0,0.15230925,0.0,0.3069152,0.16278625
510,0.0,0.0,0.0,0.0,0.0,0.04837514,0.4205836,0.11045764,0.4205836,0.0
511,0.0,0.5143627,0.0,0.0,0.0,0.48563734,0.0,0.0,0.0,0.0
512,0.0,0.50280166,0.262092,0.0,0.057571173,0.17753525,0.0,0.0,0.0,0.0
513,0.0,0.4777676,0.0,0.0,0.0,0.0,0.0,0.0,0.14158812,0.38064423
514,0.0,0.1904955,0.122554,0.0,0.0,0.15126632,0.33440015,0.0,0.0,0.201284
515,0.0,0.31700012,0.008435066,0.0,0.0,0.23567902,0.0,0.11722858,0.0,0.32165712
516,0.0,0.14391288,0.0,0.0,0.42562923,0.0,0.42562923,0.0,0.004828637,0.0
517,0.0,0.080249876,0.20752802,0.0,0.15701649,0.16549103,0.1821865,0.0,0.0,0.20752802
518,0.24498054,0.28526562,0.01554524,0.0,0.055334833,0.06351634,0.15360358,0.0,0.11328891,0.068464965
519,0.0,0.5294185,0.064381465,0.0,0.0,0.17719622,0.0,0.0,0.036005054,0.19299874
520,0.0,0.33209258,0.33209258,0.0,0.0,0.1151385,0.0,0.0,0.22067636,0.0
521,0.3181883,0.3181883,0.0,0.0,0.0,0.26053268,0.0,0.0,0.0,0.1030907
522,0.030416239,0.0,0.0,0.0,0.0,0.0,0.0,0.0,0.96958375,0.0
523,0.0533131,0.16660354,0.13054812,0.053720266,0.0,0.16660354,0.16660354,0.12950352,0.0,0.13310438
524,0.33495742,0.0,0.061566435,0.0,0.062895,0.32207748,0.051571254,0.0,0.0,0.1669325
525,0.2760182,0.3021511,0.0,0.0,0.0,0.0,0.119679555,0.0,0.3021511,0.0
526,0.0,0.77278906,0.0,0.0,0.0,0.0,0.0,0.0,0.22721101,0.0
527,0.0,0.0,0.0,0.0,0.39922643,0.0,0.0,0.216275,0.38449857,0.0
528,0.0,0.66403115,0.0,0.0,0.15088654,0.0,0.1850823,0.0,0.0,0.0
529,0.019698592,0.0,0.8432675,0.0,0.0,0.0,0.0,0.0,0.0,0.13703391
530,0.13287818,0.18695775,0.0,0.0,0.0,0.18695775,0.10422094,0.18695775,0.1420681,0.05995952
531,0.2930158,0.18811768,0.22585072,0.0,0.0,0.0,0.0,0.0,0.0,0.2930158
532,0.0,0.16927038,0.10943507,0.0,0.0,0.24043153,0.24043153,0.0,0.24043153,0.0
533,0.0,0.030008351,0.21608639,0.0,0.0,0.2474639,0.42550388,0.0,0.08093744,0.0
534,0.009295437,0.25849542,0.0725903,0.0,0.0,0.0,0.03761769,0.17629473,0.4457064,0.0
535,0.0,0.2772574,0.2772574,0.0,0.0,0.0,0.02857667,0.0,0.2772574,0.13965115
536,0.2278278,0.2278278,0.0,0.0,0.0,0.0,0.2278278,0.0,0.2278278,0.08868879
537,0.4704985,0.20818788,0.0,0.0,0.0,0.0,0.32131365,0.0,0.0,0.0
538,0.21142106,0.10027798,0.09700529,0.0,0.037858687,0.13098615,0.031514972,0.12082534,0.058689494,0.21142106
539,0.0,0.81848943,0.0,0.0,0.0,0.18112788,0.0,0.0,0.0,0.00038264508
540,0.0,0.0,0.31425434,0.0,0.0,0.0,0.34462592,0.069376044,0.0,0.27174369
541,0.0,0.440749,0.0,0.0,0.0,0.0,0.31016454,0.0,0.15743646,0.091649994
542,0.0,0.2595354,0.15741812,0.0,0.10886092,0.0,0.2595354,0.10399377,0.0,0.11065642
543,0.18600991,0.0,0.20824127,0.0,0.20824127,0.12602328,0.20824127,0.0,0.0,0.06324302
544,0.0,0.4171927,0.4171927,0.0,0.0,0.16561459,0.0,0.0,0.0,0.0
545,0.31057733,0.14474262,0.0,0.0,0.009205409,0.0,0.34562808,0.0,0.11242962,0.07741688
546,0.0,0.269537,0.11134463,0.0,0.269537,0.04830979,0.031734545,0.0,0.269537,0.0
547,0.041467078,0.25160766,0.0,0.0,0.0,0.20846193,0.25160766,0.0,0.0,0.24685566
548,0.31106398,0.20750996,0.0,0.0,0.0,0.0,0.4814261,0.0,0.0,0.0
549,0.0,0.4276954,0.15725897,0.0,0.0,0.15710184,0.0,0.0,0.0,0.25794384
550,0.0,0.32898518,0.11127904,0.0,0.0,0.32898518,0.009372884,0.0,0.1571498,0.064227924
551,0.0,0.0,1.0,0.0,0.0,0.0,0.0,0.0,0.0,0.0
552,0.20289631,0.3340071,0.0,0.0,0.0,0.0,0.46309662,0.0,0.0,0.0
553,0.07844088,0.0,0.09373376,0.19947168,0.0,0.0,0.0,0.0,0.31417683,0.31417683
554,0.29998377,0.0,0.0,0.0,0.0,0.2505339,0.0,0.0,0.0,0.44948235
555,0.28965795,0.28965795,0.0024879156,0.0,0.07504939,0.0,0.14591181,0.0,0.0,0.19723494
556,0.0,0.27562034,0.116583996,0.0,0.0,0.064133264,0.0,0.0,0.54366237,0.0
557,0.42131385,0.42131385,0.054170176,0.0,0.0,0.0,0.0,0.1032022,0.0,0.0
558,0.0,0.0,0.0,0.0,0.8165563,0.18344373,0.0,0.0,0.0,0.0
559,0.0,0.0,0.0,0.0,0.22248287,0.0,0.0,0.0,0.52368265,0.2538345
560,0.21931699,0.23335274,0.16760702,0.0,0.0,0.0,0.3797232,0.0,0.0,0.0
561,0.2363205,0.21153224,0.0,0.0,0.0,0.2363205,0.0,0.07950634,0.0,0.2363205
562,0.104236856,0.22394077,0.0,0.0,0.0,0.0,0.22394077,0.22394077,0.0,0.22394077
563,0.0,0.06724971,0.3171465,0.0,0.17576209,0.0,0.31995967,0.0,0.03116971,0.088712305
564,0.28458324,0.28458324,0.0,0.0,0.0,0.28458324,0.0,0.0,0.0,0.14625031
565,0.0,0.25912705,0.08041011,0.0,0.02553341,0.17148443,0.25912705,0.0,0.20431788,0.0
566,0.28820655,0.0,0.0,0.0,0.0,0.22263837,0.3170306,0.0,0.07645368,0.095670804
567,0.12657319,0.29114228,0.0,0.0,0.0,0.0,0.29114228,0.0,0.29114228,0.0
568,0.038614456,0.040024914,0.29251873,0.0,0.0,0.43468118,0.0,0.0,0.0,0.19416076
569,0.0,0.13194014,0.2893533,0.0,0.0,0.2893533,0.0,0.0,0.0,0.2893533
570,0.22202145,0.38445187,0.38445187,0.0,0.0,0.009074868,0.0,0.0,0.0,0.0
571,0.0,0.12906654,0.0,0.2048402,0.047674607,0.1679886,0.0,0.0,0.0,0.45043007
572,0.0,0.28773054,0.2551816,0.0,0.0,0.0,0.16935731,0.0,0.0,0.28773054
573,0.0,0.38758954,0.0,0.0,0.0,0.38758954,0.0065391203,0.21828176,0.0,0.0
574,0.26012483,0.1348365,0.24414998,0.0,0.0,0.0,0.0,0.0,0.037981246,0.32290745
575,0.16880131,0.16880131,0.10582114,0.0,0.0,0.16880131,0.16880131,0.0,0.13036832,0.088605255
576,0.0,0.3070449,0.044039097,0.0,0.0,0.0,0.0,0.0,0.18365997,0.46525604
577,0.0,0.6723771,0.0,0.0,0.0,0.18336174,0.14426117,0.0,0.0,0.0
578,0.41954008,0.30357197,0.0,0.0,0.0,0.109653465,0.054580174,0.11265435,0.0,0.0
579,0.0,0.57448643,0.16340178,0.0,0.0,0.0,0.0,0.0,0.26211178,0.0
580,0.0,0.1381215,0.058141217,0.0,0.0,0.2654333,0.269152,0.269152,0.0,0.0
581,0.3417376,0.41973218,0.13779522,0.0,0.0,0.0,0.0,0.007543624,0.0,0.09319141
582,0.49774358,0.0,0.11800775,0.0,0.0,0.0,0.0,0.19761471,0.18663386,0.0
583,0.23796184,0.23796184,0.11885802,0.0,0.0,0.20812325,0.005516913,0.0,0.033857554,0.1577206
584,0.0,0.044079658,0.22297454,0.0,0.0,0.24115898,0.0,0.4917869,0.0,0.0
585,0.0,0.2797613,0.0,0.0,0.2797613,0.0,0.2797613,0.0,0.13030961,0.030406477
586,0.24939252,0.24939252,0.032481156,0.0,0.0,0.24939252,0.011744685,0.012663572,0.0,0.19493294
587,0.27881625,0.27881625,0.0,0.0,0.0,0.18664122,0.0,0.0,0.0,0.25572625
588,0.0,0.29190844,0.29190844,0.0,0.0,0.12427466,0.0,0.29190844,0.0,0.0
589,0.3651914,0.3651914,0.0,0.0,0.0,0.2696172,0.0,0.0,0.0,0.0
590,0.0,0.2869992,0.08323046,0.055771966,0.0,0.0,0.2869992,0.0,0.0,0.2869992
591,0.0,0.33786497,0.25424057,0.0,0.0,0.036279842,0.359864,0.011750693,0.0,0.0
592,0.37450004,0.0,0.0,0.0,0.0,0.44451877,0.0,0.0,0.1809812,0.0
593,0.0,0.0,0.086420365,0.0,0.21858275,0.16499437,0.19435714,0.0,0.0,0.33564535
594,0.0,0.2959155,0.038605515,0.0,0.07364797,0.0,0.2959155,0.2959155,0.0,0.0
595,0.23172256,0.04076962,0.1547053,0.0,0.23172256,0.14574836,0.0,0.0,0.0,0.19533157
596,0.18915738,0.18915738,0.105710186,0.0,0.14630438,0.040139664,0.18169722,0.13352357,0.014310155,0.0
597,0.0,0.49233374,0.04028002,0.0,0.0,0.0,0.46738625,0.0,0.0,0.0
598,0.0,0.9442694,0.037111547,0.0,0.018619096,0.0,0.0,0.0,0.0,0.0
599,0.17152733,0.36164773,0.0,0.0,0.2248004,0.14242774,0.0,0.0,0.09959681,0.0
600,0.0,0.0,0.0,0.0,0.0,0.35737985,0.20442389,0.0,0.35737985,0.08081642
601,0.0,0.25720784,0.0,0.0,0.110110484,0.0,0.24944562,0.0,0.20394546,0.17929065
602,0.027430965,0.0,0.0,0.0,0.1167662,0.8558029,0.0,0.0,0.0,0.0
603,0.20196918,0.0,0.47280875,0.0,0.0,0.0,0.32522207,0.0,0.0,0.0
604,0.119569354,0.41537994,0.41537994,0.0,0.0,0.0,0.0,0.0,0.0,0.04967071
605,0.19802451,0.29935232,0.0,0.0,0.082443,0.19434594,0.11080814,0.0,0.115026124,0.0
606,0.27242044,0.0,0.22338775,0.0,0.019619307,0.0,0.3958716,0.0,0.026504401,0.062196545
607,0.0,0.0,0.0,0.0,0.0,0.0,0.0,0.0,0.54701215,0.45298785
608,0.019719599,0.39664274,0.23164816,0.0,0.0,0.0,0.0,0.0,0.35198948,0.0
609,0.1935619,0.0,0.0,0.0,0.63408035,0.00021601564,0.0,0.0,0.0,0.17214175
610,0.0,0.5,0.0,0.0,0.0,0.5,0.0,0.0,0.0,0.0
611,0.0,0.27870536,0.04775173,0.0,0.0,0.23954248,0.22034423,0.06234542,0.0,0.1513108
612,0.0,0.0,0.0,0.0,0.56138337,0.0,0.0,0.0,0.4386166,0.0
613,0.27533874,0.23613976,0.0,0.0,0.0,0.0,0.0,0.0,0.48852155,0.0
614,0.0114359865,0.060554948,0.3597218,0.0,0.0,0.0,0.4103126,0.0,0.0,0.1579746
615,0.0,0.24933659,0.13299449,0.0,0.0,0.0,0.42147014,0.0,0.18796594,0.008232803
616,0.026895529,0.25728288,0.0,0.0,0.0,0.11822397,0.2856911,0.0,0.227746,0.08416052
617,0.3729081,0.0,0.0,0.0,0.0,0.28453606,0.0,0.0,0.34255588,0.0
618,0.16456003,0.42805773,0.0,0.0,0.0,0.0,0.04212341,0.0,0.0,0.36525878
619,0.22759143,0.4498474,0.0,0.13269724,0.0,0.103197336,0.0,0.0,0.086666666,0.0
620,0.0,0.30403894,0.0,0.0,0.0,0.102790296,0.30403894,0.0,0.23715068,0.051981073
621,0.26424176,0.26424176,0.104989775,0.0,0.0,0.0,0.06480474,0.0,0.238077,0.063645
622,0.38898137,0.38898137,0.010087242,0.0,0.08292771,0.0,0.0,0.0,0.12902226,0.0
623,0.24841924,0.09497014,0.0,0.0,0.0,0.31427583,0.0,0.31427583,0.0,0.028058954
624,0.0,0.22936004,0.0,0.0,0.0,0.20230988,0.22936004,0.0,0.22936004,0.10961
625,0.17619108,0.0,0.0,0.0,0.2399463,0.0,0.41903186,0.0055421786,0.044224497,0.115064085
626,0.060740836,0.26123115,0.10404918,0.0,0.0,0.26123115,0.26123115,0.0,0.051516514,0.0
627,0.030734308,0.4711748,0.0,0.0,0.0,0.0,0.0,0.0,0.02691601,0.4711748
628,0.013182539,0.5398116,0.17150155,0.0,0.0,0.0,0.17092404,0.0,0.0,0.10458028
629,0.0,0.0,1.0,0.0,0.0,0.0,0.0,0.0,0.0,0.0
630,0.18756582,0.18756582,0.17853355,0.0,0.0,0.18756582,0.18756582,0.0,0.07120323,0.0
631,0.053458,0.008117196,0.09607549,0.0,0.17857148,0.20917845,0.081007995,0.1907937,0.17867263,0.0041250745
632,0.11007678,0.42829242,0.1842838,0.0,0.0,0.1592947,0.0955359,0.0,0.022516405,0.0
633,0.35836524,0.3151099,0.0,0.0,0.0,0.17649777,0.0,0.15002708,0.0,0.0
634,0.2139078,0.2139078,0.0,0.0,0.17181852,0.101873405,0.040810134,0.0,0.106001884,0.15168053
635,0.07684185,0.15620443,0.15620443,0.0,0.06961176,0.15620443,0.15620443,0.0,0.15620443,0.07252416
636,0.30202836,0.23422611,0.0,0.0,0.0,0.0,0.0,0.0,0.25958833,0.20415722
637,0.0,0.6840408,0.0,0.0,0.0,0.0,0.31595922,0.0,0.0,0.0
638,0.0,0.19249086,0.22136393,0.0,0.41990376,0.035304446,0.0,0.0,0.023569755,0.10736721
639,0.0,0.6472593,0.0,0.0,0.0,0.3527407,0.0,0.0,0.0,0.0
640,0.20650467,0.26874822,0.0,0.0,0.2600195,0.18357784,0.0,0.0,0.081149735,0.0
641,0.0,0.0,0.0,0.0,0.0,0.0,0.67371994,0.0,0.32628012,0.0
642,0.0,0.25081748,0.0,0.0,0.003312094,0.27087098,0.1744501,0.30054936,0.0,0.0
643,0.04004693,0.42861602,0.0,0.0,0.0,0.42861602,0.0,0.0,0.102721006,0.0
644,0.0,0.0,0.25417486,0.0,0.0,0.27703547,0.0,0.0,0.0,0.46878967
645,0.0,0.29209974,0.18118386,0.0,0.0,0.16715941,0.29209974,0.0,0.06745729,0.0
646,0.26040918,0.0,0.48780847,0.0,0.0,0.2517823,0.0,0.0,0.0,0.0
647,0.41548118,0.0,0.0,0.2114024,0.0,0.3098504,0.0,0.0,0.06326597,0.0
648,0.0,0.2572919,0.0,0.0,0.1143462,0.11377807,0.2572919,0.0,0.2572919,0.0
649,0.0,0.28920078,0.28920078,0.0,0.0,0.28920078,0.0,0.062739596,0.028827,0.04083105
650,0.005125889,0.089558564,0.0,0.0,0.095365666,0.1876919,0.46300316,0.0,0.133506,0.025748838
651,0.0,1.0,0.0,0.0,0.0,0.0,0.0,0.0,0.0,0.0
652,0.0,0.49921957,0.0,0.0,0.0,0.0,0.0,0.4241322,0.0,0.07664823
653,0.0,0.48179638,0.0,0.0,0.007945044,0.32048538,0.17954145,0.0,0.0,0.010231691
654,0.0,0.0,0.35622317,0.0,0.0,0.0,0.29747456,0.037523106,0.23203543,0.076743804
655,0.0,0.0,0.0,0.0,0.0,0.2961848,0.15979512,0.0,0.35445508,0.18956499
656,0.0,0.41267642,0.0,0.0,0.07000366,0.0,0.46738854,0.0,0.0499314,0.0
657,0.2716412,0.0,0.0,0.0,0.0,0.72835886,0.0,0.0,0.0,0.0
658,0.0,0.46926704,0.0,0.19087076,0.0,0.03435715,0.12443357,0.0,0.18107145,0.0
659,0.4051524,0.15470427,0.055056565,0.15280706,0.0,0.0,0.0,0.0,0.0,0.23227964
660,0.0,0.44598705,0.038080584,0.0,0.0,0.44598705,0.06994524,0.0,0.0,0.0
661,0.5745156,0.0,0.31504038,0.0,0.0,0.110444024,0.0,0.0,0.0,0.0
662,0.0,0.18746448,0.0,0.0,0.0,0.0,0.083977155,0.0,0.5452491,0.18330927
663,0.18120496,0.18120496,0.031029029,0.0,0.0,0.18120496,0.0,0.06294614,0.18120496,0.18120496
664,0.008933509,0.2583354,0.29636428,0.0,0.0,0.0,0.0,0.0,0.43636677,0.0
665,0.36632308,0.3656021,0.0,0.0,0.0,0.050326668,0.0,0.0,0.0,0.21774818
666,0.1532467,0.5184369,0.0,0.0,0.0,0.32831642,0.0,0.0,0.0,0.0
667,0.0,0.25225133,0.1544529,0.0,0.23133306,0.0,0.0,0.0,0.0,0.3619627
668,0.25568685,0.25568685,0.0,0.0,0.0,0.0,0.0,0.0,0.25568685,0.2329395
669,0.06399776,0.29236716,0.047739074,0.17160137,0.0,0.13192743,0.0,0.0,0.29236716,0.0
670,0.13889222,0.0,0.0,0.0,0.2790022,0.0,0.011762801,0.2790022,0.05255637,0.2387842
671,0.2784111,0.0,0.0,0.0,0.0,0.0,0.3912733,0.0,0.33031565,0.0
672,0.0,0.40942323,0.2265119,0.0,0.0,0.0,0.0,0.12311306,0.10624874,0.13470304
673,0.15579487,0.0,0.0,0.0,0.0,0.0,0.50986385,0.0,0.3343413,0.0
674,0.21546714,0.0,0.20289777,0.0,0.0,0.01600198,0.24333218,0.02750352,0.12791261,0.16688485
675,0.0,0.8434163,0.0,0.0,0.0,0.0,0.1565837,0.0,0.0,0.0
676,0.0,0.0,0.0,0.0,0.0,0.36149678,0.6385032,0.0,0.0,0.0
677,0.20876975,0.33336362,0.0,0.0,0.04341641,0.0,0.0,0.0,0.08108659,0.33336362
678,0.13055302,0.15233643,0.0,0.0,0.088801466,0.0,0.09217049,0.0,0.38607228,0.15006633
679,0.12350204,0.23963569,0.0,0.0,0.0,0.44196802,0.19489433,0.0,0.0,0.0
680,0.08858619,0.3342785,0.18451849,0.0,0.014710097,0.0,0.05121999,0.0,0.10097796,0.22570886
681,0.0,0.5,0.0,0.0,0.0,0.5,0.0,0.0,0.0,0.0
682,0.02601098,0.22170971,0.16105084,0.0,0.123679616,0.16689773,0.0,0.13779943,0.05273609,0.110115565
683,0.0,0.24453485,0.07033621,0.0,0.0,0.6851289,0.0,0.0,0.0,0.0
684,0.0,0.0,0.0,0.0,0.07161105,0.0,0.0,0.0,0.0,0.92838895
685,0.0,0.28577438,0.24081746,0.0,0.0,0.0,0.28577438,0.0,0.060356285,0.12727752
686,0.23192847,0.0,0.22738452,0.0,0.0,0.0,0.54068696,0.0,0.0,0.0
687,0.0,0.22576441,0.10396361,0.0,0.0,0.22576441,0.123478234,0.0,0.10536051,0.21566883
688,0.0,0.39356858,0.0,0.0,0.0,0.28970775,0.04419781,0.14410673,0.0,0.12841913
689,0.0,0.34446135,0.0879078,0.0,0.0,0.0,0.34446135,0.0,0.22316948,0.0
690,0.009182906,0.3204108,0.1705131,0.0,0.0,0.027476415,0.3204108,0.008428966,0.14357705,0.0
691,0.0,0.5278099,0.07519675,0.0,0.0,0.0,0.0,0.3969933,0.0,0.0
692,0.276589,0.05373404,0.0,0.0,0.0,0.0,0.38838235,0.0,0.0,0.2812946
693,0.2814093,0.33747962,0.13383168,0.0,0.0,0.0025471882,0.0,0.0,0.24473222,0.0
694,0.2802591,0.41457108,0.0,0.0,0.0,0.0,0.0,0.0,0.0,0.30516985
695,0.2,0.2,0.2,0.0,0.0,0.0,0.2,0.2,0.0,0.0
696,0.0,0.51174664,0.12806253,0.0,0.0,0.29669392,0.06349696,0.0,0.0,0.0
697,0.0,0.39818892,0.0,0.0,0.0,0.0,0.0,0.39818892,0.0,0.20362213
698,0.0,0.109073035,0.0,0.0,0.0,0.0,0.37182695,0.14727303,0.0,0.37182695
699,0.0,0.6320021,0.15261367,0.2116683,0.0,0.0,0.0,0.0,0.0037158476,0.0
700,0.0,0.78102875,0.02058287,0.0,0.0,0.0,0.1983884,0.0,0.0,0.0
701,0.0,0.3627354,0.0,0.0,0.0,0.2745292,0.0,0.3627354,0.0,0.0
702,0.0,0.27293485,0.044013638,0.0,0.0,0.0,0.23457396,0.012245633,0.27293485,0.16329704
703,0.0,0.12300428,0.0,0.0,0.0,0.14173256,0.0,0.14587303,0.5072361,0.08215402
704,0.24040863,0.35905266,0.0,0.0,0.3721961,0.028342614,0.0,0.0,0.0,0.0
705,0.029692408,0.37025505,0.54275036,0.04950478,0.0,0.007797459,0.0,0.0,0.0,0.0
706,0.0,0.337286,0.0,0.0,0.0,0.26974523,0.0,0.0,0.0,0.39296874
707,0.5,0.5,0.0,0.0,0.0,0.0,0.0,0.0,0.0,0.0
708,0.0,0.5317327,0.0,0.0,0.0,0.0,0.0,0.21798004,0.25028735,0.0
709,0.19027352,0.0,0.0,0.044437148,0.0,0.3231638,0.0,0.0,0.0,0.4421256
710,0.0,0.21779923,0.21779923,0.0,0.0,0.16494246,0.0,0.18617585,0.0,0.21328321
711,0.0,0.1852364,0.1852364,0.0,0.09847397,0.16058043,0.1852364,0.0,0.0,0.1852364
712,0.0,0.0,0.38436255,0.0,0.0,0.20901637,0.0,0.0,0.29412305,0.112497985
713,0.0,0.5991629,0.16667578,0.0,0.0,0.23416135,0.0,0.0,0.0,0.0
714,0.07224918,0.21842499,0.0,0.0,0.0024077145,0.0,0.35833818,0.0,0.3485799,0.0
715,0.3708081,0.40335718,0.0,0.0,0.17469402,0.051140714,0.0,0.0,0.0,0.0
716,0.2282831,0.2282831,0.08686751,0.0,0.0,0.0,0.2282831,0.0,0.2282831,0.0
717,0.23505305,0.23505305,0.23505305,0.0,0.0,0.0,0.0,0.0,0.19565564,0.099185236
718,0.0,0.45232266,0.0,0.0,0.0,0.0,0.45232266,0.0,0.09535462,0.0
719,0.0,0.0,0.04972199,0.10494935,0.0,0.0,0.42266434,0.0,0.0,0.42266434
720,0.0,0.5657664,0.0,0.0,0.0,0.0,0.43423355,0.0,0.0,0.0
721,0.0,0.08923302,0.14617658,0.0,0.0025284651,0.0,0.38646752,0.37559444,0.0,0.0
722,0.24141927,0.37929037,0.0,0.0,0.0,0.0,0.0,0.0,0.37929037,0.0
723,0.21666516,0.2171579,0.0,0.0,0.0,0.27572402,0.014728882,0.0,0.0,0.27572402
724,0.19905259,0.29762402,0.0,0.0,0.0044689504,0.0,0.09703367,0.0,0.29762402,0.10419673
725,0.0,0.36008444,0.0,0.0,0.0,0.21791369,0.42026284,0.0017389946,0.0,0.0
726,0.0,0.09243225,0.3640366,0.0,0.0,0.0,0.36437166,0.0,0.17915952,0.0
727,0.31230876,0.31230876,0.24185815,0.0,0.0,0.0,0.0,0.13352437,0.0,0.0
728,0.0,0.025994275,0.20485298,0.0,0.0,0.16888204,0.0,0.0,0.2770346,0.32323614
729,0.0,0.25691873,0.14171691,0.0,0.0,0.17005281,0.087512605,0.0,0.25691873,0.08688018
730,0.031287134,0.26985002,0.26985002,0.0,0.0,0.26985002,0.15916283,0.0,0.0,0.0
731,0.0,0.5,0.5,0.0,0.0,0.0,0.0,0.0,0.0,0.0
732,0.0,0.0,0.0,0.0,0.0,0.0,0.0,0.54373705,0.45626298,0.0
733,0.035598423,0.10336473,0.079387985,0.0,0.0,0.319373,0.0,0.0,0.46227583,0.0
734,0.0,0.20252144,0.20252144,0.0,0.17593986,0.20252144,0.0,0.13083917,0.085656725,0.0
735,0.37932009,0.0,0.0,0.0,0.0,0.1411239,0.31101236,0.0,0.16854368,0.0
736,0.0,0.0,0.07606043,0.0,0.0,0.59709334,0.0,0.0,0.0,0.32684624
737,0.0,0.43302956,0.33357006,0.0,0.0,0.06395923,0.0,0.043399576,0.12604159,0.0
738,0.117585585,0.38232478,0.049149647,0.0,0.0,0.0,0.0,0.0,0.38232478,0.06861517
739,0.35702378,0.0,0.13418774,0.0,0.31048653,0.0,0.0,0.0,0.036158707,0.16214333
740,0.38333774,0.0,0.0058271335,0.0,0.0,0.2689807,0.0056284023,0.2177363,0.1103748,0.008114873
741,0.0,0.0,0.22843285,0.0,0.0,0.0,0.38578358,0.0,0.38578358,0.0
742,0.06294905,0.3182976,0.0611512,0.0,0.0,0.0,0.3182976,0.12142183,0.1178828,0.0
743,0.0,0.48408073,0.0,0.0,0.0,0.07245571,0.0,0.0,0.37153813,0.07192539
744,0.0,0.65624964,0.0,0.0,0.0,0.035089698,0.0,0.0,0.0,0.3086607
745,0.0,0.4608671,0.0,0.0,0.0,0.089893125,0.21469837,0.0597337,0.17480776,0.0
746,0.09884467,0.40698805,0.0,0.08717918,0.0,0.0,0.40698805,0.0,0.0,0.0
747,0.0,0.22945225,0.2698043,0.0,0.0,0.0,0.0,0.0,0.0,0.50074345
748,0.31574923,0.1082344,0.0,0.0,0.0,0.31574923,0.26026714,0.0,0.0,0.0
749,0.032309096,0.25385863,0.0,0.0,0.25174624,0.23866388,0.0,0.0,0.22342221,0.0
750,0.0,0.3052928,0.26977244,0.0,0.085472636,0.0,0.3052928,0.0,0.0,0.03416933
751,0.0,0.2988782,0.023953458,0.0,0.0,0.07941198,0.2988782,0.0,0.0,0.2988782
752,0.48596627,0.22614992,0.28788376,0.0,0.0,0.0,0.0,0.0,0.0,0.0
753,0.5,0.0,0.5,0.0,0.0,0.0,0.0,0.0,0.0,0.0
754,0.0,0.23999535,0.0,0.0,0.06211761,0.0,0.19409744,0.23999535,0.023798913,0.23999535
755,0.10954665,0.30840033,0.0,0.0,0.015442502,0.0,0.30840033,0.0,0.0,0.25821024
756,0.0,0.0,0.0,0.0,0.1381504,0.0,0.26152414,0.0,0.34552145,0.25480404
757,0.0,0.0,0.0,0.0,0.0,0.0,0.0,0.0,0.0,1.0
758,0.19977888,0.19977888,0.09523088,0.0,0.0,0.0,0.12223669,0.19977888,0.0,0.18319581
759,0.0,0.1874945,0.07013252,0.0,0.0,0.3573018,0.0630999,0.0,0.0,0.32197127
760,0.0,0.17866734,0.0,0.0,0.0,0.0,0.0,0.0,0.82133263,0.0
761,0.0,0.0,0.0,0.090152085,0.0,0.36154133,0.18901335,0.0,0.31060305,0.0486902
762,0.0,0.44469163,0.0,0.0,0.0,0.0,0.110616766,0.0,0.0,0.44469163
763,0.32835713,0.32835713,0.032127894,0.0,0.0,0.0,0.0,0.0,0.0,0.31115788
764,0.2650704,0.13882071,0.0,0.0,0.0,0.26352903,0.1443833,0.0,0.18819657,0.0
765,0.13020535,0.369476,0.0,0.0,0.0,0.17502408,0.0,0.0,0.037567865,0.28772667
766,0.0,0.0,0.17369342,0.0,0.0,0.0,0.18641864,0.0,0.41782063,0.22206727
767,0.0,0.5,0.0,0.0,0.0,0.0,0.5,0.0,0.0,0.0
768,0.30249798,0.30249798,0.006332403,0.0,0.0,0.08617365,0.30249798,0.0,0.0,0.0
769,0.14274277,0.2578989,0.0,0.0,0.0,0.0,0.2578989,0.0,0.08356051,0.2578989
770,0.0,0.19893308,0.29756835,0.0,0.0,0.0,0.0,0.079997905,0.42350063,0.0
771,0.24503273,0.15804732,0.0,0.0,0.0,0.24503273,0.060506642,0.0,0.16130483,0.13007577
772,0.0,0.1363258,0.23540978,0.0,0.0,0.014048248,0.31352958,0.0,0.048635922,0.2520506
773,0.0,0.25896874,0.2603951,0.0,0.0,0.015105987,0.15960243,0.0,0.04553264,0.2603951
774,0.23715897,0.23715897,0.22155064,0.0,0.0,0.03340365,0.0,0.0,0.23715897,0.033568863
775,0.12747255,0.24353676,0.0,0.0,0.027192967,0.0,0.23939008,0.24353676,0.118870944,0.0
776,0.15996459,0.0,0.53998107,0.0,0.0,0.0,0.3000543,0.0,0.0,0.0
777,0.0,0.58812094,0.0,0.0,0.0,0.0,0.0,0.0,0.0,0.4118791
778,0.0,0.9456887,0.0,0.0,0.0,0.0,0.0,0.0,0.054311287,0.0
779,0.0,0.24718049,0.0,0.0,0.0,0.07753417,0.25795987,0.0,0.25795987,0.15936556
780,0.0,0.0,0.0,0.0,0.3321854,0.0,0.21893682,0.0,0.22242796,0.2264498
781,0.00781606,0.35531414,0.0,0.0,0.0,0.44704273,0.18982711,0.0,0.0,0.0
782,0.46469462,0.46469462,0.0,0.0,0.0,0.0,0.0,0.07061068,0.0,0.0
783,0.0,0.2304598,0.2523715,0.0,0.0,0.19875279,0.31841597,0.0,0.0,0.0
784,0.0,0.3073101,0.1978155,0.0,0.0,0.3073101,0.042133987,0.0,0.076185085,0.069245204
785,0.0,0.5,0.0,0.0,0.0,0.0,0.0,0.0,0.5,0.0
786,0.13459677,0.2721523,0.0,0.0,0.0,0.22744721,0.09365145,0.0,0.2721523,0.0
787,0.0,0.5,0.0,0.0,0.0,0.0,0.5,0.0,0.0,0.0
788,0.2925082,0.0,0.04626884,0.0,0.0,0.0,0.3243634,0.0,0.33685952,0.0
789,0.23716407,0.23716407,0.0,0.0,0.0,0.067973875,0.23716407,0.0,0.22053397,0.0
790,0.083394304,0.20763938,0.16740216,0.0,0.0,0.07447055,0.20763938,0.0,0.20292978,0.056524377
791,0.21467465,0.21467465,0.02944049,0.11508374,0.07740444,0.0,0.0,0.0,0.21467465,0.13404737
792,0.0,0.24359594,0.0,0.0,0.0,0.23181573,0.007950034,0.07352823,0.19951414,0.24359594
793,0.20634358,0.2515784,0.025655504,0.0,0.0,0.053022448,0.2515784,0.0,0.0,0.21182176
794,0.25165474,0.61197656,0.0,0.0,0.0,0.0,0.0,0.0,0.0,0.13636872
795,0.0,0.33211586,0.0,0.0,0.0,0.058871463,0.33211586,0.0,0.0,0.27689683
796,0.33118278,0.0,0.0,0.0,0.21435584,0.33118278,0.0,0.0,0.038973372,0.08430529
797,0.0,0.082751885,0.49167275,0.0,0.0,0.18566382,0.23991153,0.0,0.0,0.0
798,0.016694294,0.2941479,0.2877082,0.0,0.0,0.15142941,0.25002024,0.0,0.0,0.0
799,0.0,0.6505589,0.0,0.0,0.34944108,0.0,0.0,0.0,0.0,0.0
800,0.0,0.43497804,0.13004395,0.0,0.0,0.43497804,0.0,0.0,0.0,0.0
801,0.19308904,0.27716604,0.0,0.0,0.0,0.0,0.27716604,0.0,0.25257885,0.0
802,0.059739504,0.39018434,3.5910314e-05,0.015969094,0.0,0.39018434,0.0,0.0,0.1438868,0.0
803,0.18438962,0.27405226,0.26750585,0.0,0.0,0.0,0.0,0.0,0.27405226,0.0
804,0.0,0.6502531,0.0,0.0,0.0,0.12621278,0.14653906,0.07699503,0.0,0.0
805,0.0,0.4742295,0.0,0.0,0.0,0.25683582,0.26893467,0.0,0.0,0.0
806,0.19372906,0.0,0.19372906,0.0,0.0,0.19372906,0.031354725,0.0,0.19372906,0.19372906
807,0.0,0.25356147,0.0,0.0,0.0,0.28076506,0.39252818,0.0,0.0,0.07314533
808,0.0,0.62385315,0.13715456,0.0,0.0,0.23899226,0.0,0.0,0.0,0.0
809,0.0991642,0.28160506,0.0,0.0,0.0,0.05615159,0.0,0.0,0.5630792,0.0
810,0.0,0.25130922,0.04810804,0.0,0.0,0.25130922,0.098773874,0.0,0.25024357,0.10025607
811,0.0,0.08633121,0.0,0.0,0.2682286,0.29175568,0.0,0.0,0.17221963,0.1814649
812,0.112492956,0.06375231,0.18532903,0.0,0.046476223,0.0,0.20856073,0.17482802,0.0,0.20856073
813,0.33808774,0.33808774,0.0,0.0,0.0,0.0,0.18319263,0.0,0.0,0.14063187
814,0.0,0.18689555,0.13901363,0.0,0.4205198,0.0,0.0,0.0,0.25357103,0.0
815,0.111153044,0.40876594,0.0,0.0,0.0,0.16939415,0.027479874,0.0,0.283207,0.0
816,0.0,0.5987053,0.2842331,0.0,0.0,0.0,0.10829081,0.0,0.0,0.00877086
817,0.3658791,0.08076097,0.0,0.0,0.0,0.0,0.3658791,0.0,0.101460576,0.086020246
818,0.0,0.45338675,0.09322648,0.0,0.0,0.0,0.45338675,0.0,0.0,0.0
819,0.36892855,0.36892855,0.14818814,0.0,0.0,0.0836964,0.0,0.0,0.0,0.030258384
820,0.0,0.52187675,0.035620514,0.12729342,0.0,0.0,0.31520933,0.0,0.0,0.0
821,0.0,0.41750672,0.06731386,0.0,0.0,0.0052098916,0.32179803,0.13399798,0.054173533,0.0
822,0.10149037,0.49769363,0.0,0.0,0.0,0.0,0.35323998,0.0,0.0,0.04757607
823,0.0,0.20950979,0.29514876,0.0,0.0,0.0,0.402839,0.09250245,0.0,0.0
824,0.0,0.2185997,0.0,0.0,0.0,0.0,0.0,0.0,0.64555365,0.13584667
825,0.12630421,0.37663367,0.2116442,0.0,0.0,0.0,0.0,0.0,0.0,0.28541788
826,0.0,0.29558402,0.29558402,0.0,0.091556564,0.29558402,0.0,0.0,0.021691347,0.0
827,0.22720674,0.38639665,0.0,0.0,0.0,0.0,0.38639665,0.0,0.0,0.0
828,0.0,0.0,0.0,0.0,0.0,0.14308807,0.28628838,0.0,0.5706236,0.0
829,0.052217063,0.54824,0.0,0.0,0.0,0.39954293,0.0,0.0,0.0,0.0
830,0.0,0.4196876,0.0,0.0,0.0,0.06781512,0.09999126,0.0,0.14313664,0.26936936
831,0.0,0.39954337,0.36013445,0.0,0.0,0.0,0.0,0.0,0.24032219,0.0
832,0.11825293,0.20963143,0.16962007,0.0,0.0,0.20963143,0.20963143,0.0,0.0,0.08323279
833,0.0,0.51797336,0.3500541,0.0,0.0,0.0,0.13197254,0.0,0.0,0.0
834,0.0,0.40411237,0.07651358,0.0,0.0,0.12587582,0.3934983,0.0,0.0,0.0
835,0.2273418,0.098491915,0.055437665,0.0,0.0,0.0,0.2273418,0.0,0.16404496,0.2273418
836,0.00054313766,0.53730386,0.0,0.0,0.0,0.0,0.10624396,0.0,0.19141454,0.16449453
837,0.0,0.42716208,0.08848608,0.0,0.0,0.413148,0.0,0.0,0.0,0.07120376
838,0.35819662,0.0,0.5364833,0.0,0.0,0.0,0.105320215,0.0,0.0,0.0
839,0.18615387,0.06261732,0.17095962,0.0,0.0,0.021807529,0.18615387,0.0,0.18615387,0.18615387
840,0.0,0.2829923,0.19268134,0.0,0.108367555,0.0,0.2829923,0.0,0.069371514,0.063595
841,0.06462779,0.22757323,0.051723648,0.0,0.0,0.27140793,0.06554335,0.31912407,0.0,0.0
842,0.0,0.20769738,0.20769738,0.0,0.0,0.1779527,0.0,0.0,0.20769738,0.19895521
843,0.0,0.29703206,0.0,0.0,0.0,0.29703206,0.29703206,0.0,0.012487371,0.09641644
844,0.0,0.22209087,0.024102727,0.0,0.22125553,0.0,0.26627544,0.0,0.0,0.26627544
845,0.2519845,0.24572979,0.2519845,0.0,0.0,0.0,0.0,0.0,0.19367461,0.056626562
846,0.0,0.13622898,0.1774167,0.0,0.1462338,0.0094117755,0.22205892,0.19511744,0.030332847,0.08319956
847,0.0,0.25192973,0.07826248,0.0,0.0,0.25192973,0.25192973,0.16594827,0.0,0.0
848,0.0,0.0,0.0,0.0,0.16320287,0.2793565,0.55744064,0.0,0.0,0.0
849,0.20806116,0.25247565,0.121334456,0.0,0.0,0.25247565,0.0,0.16565306,0.0,0.0
850,0.0,0.0,0.09189181,0.23744035,0.0,0.013189719,0.2970578,0.2970578,0.0633625,0.0
851,0.46105942,0.0,0.0,0.0,0.0,0.31228992,0.0,0.08858588,0.13806477,0.0
852,0.2408793,0.24021281,0.10498371,0.0,0.11692125,0.0,0.0,0.0,0.2408793,0.056123666
853,0.0,0.4785568,0.21989611,0.0,0.0,0.0,0.3015471,0.0,0.0,0.0
854,0.034930017,0.22415884,0.0,0.0,0.05752987,0.22779375,0.22779375,0.0,0.22779375,0.0
855,0.0,0.0,0.0,0.0,0.0,0.3779665,0.6220335,0.0,0.0,0.0
856,0.0,0.079234846,0.0,0.0,0.043072626,0.1528004,0.4048476,0.0,0.0,0.32004455
857,0.0,0.22350958,0.32693556,0.0,0.0,0.0,0.0,0.23509052,0.0,0.21446428
858,0.0,0.43035603,0.14510053,0.0,0.0,0.26147828,0.0,0.0,0.16306525,0.0
859,0.23310855,0.23310855,0.022469662,0.0,0.0,0.1292866,0.05222237,0.09669568,0.0,0.23310855
860,0.14463358,0.16528478,0.085698895,0.0,0.0,0.2620178,0.0,0.0,0.2642275,0.07813747
861,0.0,0.0,0.0,0.0,0.0,0.7496223,0.25037774,0.0,0.0,0.0
862,0.3688728,0.0,0.2150122,0.0,0.0,0.1879279,0.2281871,0.0,0.0,0.0
863,0.0,0.5174406,0.0,0.0,0.0,0.0,0.0,0.0,0.48255935,0.0
864,0.0,0.4778237,0.0,0.0,0.0,0.0,0.0,0.44560948,0.07656673,0.0
865,0.3072424,0.0,0.06724377,0.3072424,0.14829825,0.0,0.0,0.0,0.15001145,0.019961707
866,0.3111528,0.3111528,0.095948994,0.0,0.0,0.2817454,0.0,0.0,0.0,0.0
867,0.0,0.0,0.0,0.0,0.0,0.8052623,0.0,0.0,0.0,0.19473766
868,0.0,0.33333334,0.0,0.0,0.0,0.0,0.33333334,0.0,0.0,0.33333334
869,0.0,0.35258892,0.0,0.0,0.0,0.3026723,0.0,0.0,0.34473884,0.0
870,0.39281827,0.03431492,0.0,0.0,0.0,0.0,0.4575269,0.0,0.0,0.11533986
871,0.0,0.20941766,0.121011615,0.0,0.041317683,0.20941766,0.0,0.0,0.20941766,0.20941766
872,0.38607314,0.38607314,0.0,0.0,0.0,0.22785375,0.0,0.0,0.0,0.0
873,0.0,0.25420308,0.0,0.0,0.0,0.23739077,0.25420308,0.0,0.0,0.25420308
874,0.35413057,0.3152426,0.0,0.0,0.0,0.0,0.27773774,0.0,0.021613177,0.031275902
875,0.0,0.13884723,0.032707334,0.0,0.0,0.22430041,0.0,0.14120625,0.27883577,0.18410298
876,0.0,0.36724073,0.0,0.0,0.0,0.5430897,0.0,0.0,0.0,0.08966964
877,0.2356176,0.29191163,0.060384165,0.0,0.0,0.0,0.2761995,0.0,0.0,0.13588715
878,0.5,0.5,0.0,0.0,0.0,0.0,0.0,0.0,0.0,0.0
879,0.21823241,0.0,0.0,0.0,0.0,0.19817692,0.18523988,0.0,0.15411167,0.24423917
880,0.32730615,0.11308092,0.0,0.0,0.0,0.32730615,0.0,0.0,0.23230678,0.0
881,1.0,0.0,0.0,0.0,0.0,0.0,0.0,0.0,0.0,0.0
882,0.0,0.2565283,0.043579165,0.0,0.17057893,0.2565283,0.2565283,0.0,0.016257033,0.0
883,0.0,0.23178346,0.17303148,0.0,0.0,0.0,0.0,0.32619417,0.2689909,0.0
884,0.31295326,0.0,0.0,0.0,0.0,0.0,0.31295326,0.0,0.06114016,0.31295326
885,0.0,0.21501498,0.0,0.0,0.0,0.3924925,0.0,0.0,0.3924925,0.0
886,0.0,0.3577367,0.0,0.0,0.0,0.0,0.36752152,0.24327596,0.031465795,0.0
887,0.0,0.11955455,0.0,0.0,0.0,0.17980303,0.54418445,0.0,0.03844269,0.118015334
888,0.0,0.22118543,0.010491806,0.0,0.0,0.22118543,0.22118543,0.10476641,0.0,0.22118543
889,0.0,0.25021133,0.0,0.27779946,0.0,0.11945754,0.0,0.0,0.14970434,0.20282736
890,0.04964912,0.4000462,0.4000462,0.052419517,0.0,0.0,0.0,0.0,0.09783895,0.0
891,0.0,0.52943593,0.0,0.0,0.0,0.0,0.0,0.0,0.0056193434,0.46494475
892,0.0,0.43509555,0.0,0.0,0.0,0.56490445,0.0,0.0,0.0,0.0
893,0.0,0.09704857,0.313001,0.0,0.0,0.0,0.0,0.35800722,0.23194325,0.0
894,0.04602312,0.08658687,0.0,0.042297114,0.0,0.25181824,0.0,0.23615691,0.25181824,0.085299514
895,0.0,0.0,0.50228083,0.0,0.0,0.0,0.0,0.0,0.49771917,0.0
896,0.23356993,0.0,0.0,0.0,0.0,0.13321243,0.16359968,0.0,0.0,0.4696179
897,0.0,0.0,0.18926704,0.0,0.0,0.40536648,0.0,0.0,0.0,0.40536648
898,0.105592474,0.2744626,0.12318618,0.26203087,0.0,0.0,0.0,0.09531774,0.13941017,0.0
899,0.1251377,0.22175789,0.100305125,0.19114533,0.06552455,0.13374157,0.16238786,0.0,0.0,0.0
900,0.10800574,0.2937611,0.0,0.0,0.0,0.0,0.59823316,0.0,0.0,0.0
901,0.20528631,0.37336457,0.0,0.0,0.04798453,0.0,0.0,0.0,0.37336457,0.0
902,0.65780115,0.0,0.0,0.0,0.0,0.34219894,0.0,0.0,0.0,0.0
903,0.2898383,0.019391803,0.061987273,0.0,0.0,0.17817025,0.31650707,0.0,0.13410528,0.0
904,0.0,0.0,0.2142493,0.0,0.12142752,0.0,0.2142493,0.18895197,0.19671643,0.0644055
905,0.15360807,0.07188956,0.123560846,0.0,0.0,0.0,0.0,0.54729444,0.103647135,0.0
906,0.22234252,0.29821318,0.0,0.0,0.0,0.0,0.29821318,0.0,0.18123108,0.0
907,0.0,0.0,0.5667105,0.0,0.0,0.0,0.0,0.0,0.0,0.4332896
908,0.0,0.25676993,0.0,0.0,0.0,0.7432301,0.0,0.0,0.0,0.0
909,0.13473411,0.193079,0.13985275,0.0,0.036462367,0.16027403,0.0,0.22936514,0.0,0.10623263
910,0.0,0.43858057,0.22990918,0.0,0.0,0.14607005,0.0,0.18544018,0.0,0.0
911,0.0,0.42218804,0.17615476,0.0,0.0,0.0,0.0,0.0,0.0,0.40165713
912,0.37095317,0.18251482,0.16821052,0.0,0.0,0.04163282,0.0,0.0,0.23668866,0.0
913,0.0,0.5735643,0.04103077,0.0,0.0,0.0,0.0,0.0,0.0,0.38540494
914,0.2857579,0.0,0.0,0.0,0.19794254,0.0,0.0,0.0,0.0,0.51629955
915,0.0,0.3894214,0.0,0.0,0.0,0.16121958,0.0,0.3894214,0.03374684,0.026190802
916,0.13853079,0.18456708,0.019422926,0.0,0.0,0.47233862,0.0,0.10072383,0.084416755,0.0
917,0.0,0.30047622,0.0,0.0,0.0,0.3497619,0.0,0.0,0.3497619,0.0
918,0.2597539,0.15732075,0.0017435787,0.06167392,0.0,0.0,0.2597539,0.2597539,0.0,0.0
919,0.17056409,0.22296879,0.0,0.0,0.0,0.2606699,0.2606699,0.085127406,0.0,0.0
920,0.0,0.9120384,0.0,0.0,0.0,0.0,0.08796157,0.0,0.0,0.0
921,0.19182009,0.26895973,0.0,0.0,0.0,0.0,0.22920835,0.0,0.31001183,0.0
922,0.38019797,0.43085882,0.0,0.0,0.0,0.16718021,0.0,0.0,0.02176308,0.0
923,0.0,0.24364948,0.22179247,0.0,0.0,0.34330735,0.19125073,0.0,0.0,0.0
924,0.0,0.3363075,0.11341483,0.0,0.0,0.19285709,0.021113146,0.0,0.0,0.3363075
925,0.1896163,0.219342,0.1756688,0.0,0.0,0.0,0.096030176,0.13065739,0.0,0.18868534
926,0.0,0.3993896,0.0,0.0,0.0,0.0,0.0,0.0,0.019203197,0.5814072
927,0.0,0.0,0.16758373,0.19015074,0.0,0.0,0.21258962,0.0,0.42967597,0.0
928,0.23314779,0.0,0.114193484,0.0,0.0,0.19278221,0.20577328,0.0,0.046271663,0.20783158
929,0.0,0.1963987,0.18938734,0.0,0.0,0.16749988,0.0,0.14449862,0.15525521,0.14696024
930,0.37004575,0.114759624,0.031940956,0.0,0.0,0.11320792,0.0,0.0,0.0,0.37004575
931,0.0,0.47709712,0.0,0.0,0.06712522,0.0,0.0,0.0,0.30255643,0.15322128
932,0.26393563,0.2208448,0.0,0.0,0.0,0.0,0.0,0.0,0.27980775,0.2354118
933,0.0,0.80858886,0.0,0.0,0.0,0.11941005,0.0,0.0,0.072001025,0.0
934,0.12683596,0.32004943,0.0,0.0,0.0,0.0,0.22366212,0.0,0.24887443,0.0805781
935,0.0,0.0,0.0,0.0,0.0,0.0,1.0,0.0,0.0,0.0
936,0.24041948,0.2892249,0.0,0.0,0.0,0.2892249,0.0,0.0,0.0,0.18113068
937,0.0,0.7363613,0.0,0.0,0.041496016,0.0,0.0,0.0,0.22214262,0.0
938,0.3766598,0.0,0.25478005,0.0,0.36856017,0.0,0.0,0.0,0.0,0.0
939,0.21389669,0.39355904,0.0,0.0,0.057942208,0.036499154,0.0,0.29810292,0.0,0.0
940,0.48281515,0.2518086,0.0,0.0,0.0,0.0,0.0,0.0,0.26537627,0.0
941,0.0,0.15346849,0.0,0.0,0.26509592,0.006364828,0.0,0.16251604,0.4125547,0.0
942,0.0,0.24028388,0.11748196,0.0,0.14522178,0.09969408,0.24028388,0.0,0.0,0.15703446
943,0.0965066,0.20249078,0.061831314,0.0,0.0,0.20249078,0.12670872,0.114620864,0.07769148,0.1176595
944,0.06756543,0.0,0.0,0.0,0.0,0.24476787,0.19813086,0.24476787,0.24476787,0.0
945,0.4761616,0.0,0.5238384,0.0,0.0,0.0,0.0,0.0,0.0,0.0
946,0.19525729,0.311561,0.0,0.0,0.0,0.0,0.28611258,0.0,0.0,0.20706913
947,0.0,0.6150024,0.21253483,0.0,0.0,0.0,0.0,0.060682654,0.0,0.11178017
948,0.0,0.07759686,0.27791727,0.0,0.23065326,0.13369444,0.0,0.10799396,0.0013497474,0.17079452
949,0.0,0.42168626,0.0,0.0,0.0,0.42168626,0.0,0.0,0.15662754,0.0
950,0.0,0.22192314,0.0,0.0,0.0,0.0,0.19379345,0.5842834,0.0,0.0
951,0.40665329,0.0,0.0,0.0,0.0,0.0,0.37825385,0.0,0.0,0.21509291
952,0.0,0.0,0.22845,0.0,0.0,0.0,0.77155,0.0,0.0,0.0
953,0.0,0.31884906,0.31884906,0.0,0.0,0.0022359495,0.31884906,0.0,0.041216895,0.0
954,0.0,0.4224968,0.0,0.0,0.13641985,0.0,0.0,0.37164333,0.0,0.069440074
955,0.0,0.22526523,0.36498934,0.0,0.0,0.0,0.0,0.0,0.0,0.40974545
956,0.0,0.32313958,0.0,0.0,0.0,0.0,0.05819556,0.041999612,0.3207849,0.2558804
957,0.15169458,0.57268167,0.0,0.0,0.0,0.0,0.0,0.0,0.27562374,0.0
958,0.39239123,0.0,0.0,0.0,0.0,0.20700517,0.0,0.0,0.40060356,0.0
959,0.0,0.32481363,0.0,0.0,0.32481363,0.06496843,0.08907837,0.0,0.0,0.1963259
960,0.49669436,0.073163874,0.0,0.0,0.0,0.0,0.0,0.0,0.0,0.43014175
961,0.0,0.32969755,0.0,0.0,0.0,0.010907408,0.32969755,0.0,0.0,0.32969755
962,0.37611172,0.0,0.19598745,0.0,0.0,0.42790082,0.0,0.0,0.0,0.0
963,0.11928928,0.37951767,0.12167538,0.0,0.0,0.37951767,0.0,0.0,0.0,0.0
964,0.31771207,0.31771207,0.0,0.0,0.045046434,0.061482888,0.25804654,0.0,0.0,0.0
965,0.0,0.0,0.3088813,0.0,0.17107493,0.036101986,0.0,0.10890116,0.24266674,0.1323739
966,0.0,0.2597011,0.0,0.0,0.0,0.49241287,0.0,0.0,0.03541447,0.21247156
967,0.16106486,0.33626944,0.0,0.0,0.27094743,0.17783058,0.0,0.0,0.0,0.05388771
968,0.31324816,0.0,0.0,0.0,0.0,0.0,0.27342823,0.20089908,0.21242446,0.0
969,0.27248386,0.27248386,0.0,0.0,0.0,0.27248386,0.0,0.0,0.16385892,0.018689608
970,0.44605592,0.15251099,0.0,0.0,0.0,0.11805175,0.0,0.22772086,0.055660404,0.0
971,0.0,0.2343593,0.011135317,0.0,0.0,0.07733364,0.2084532,0.2343593,0.2343593,0.0
972,0.40319845,0.0,0.0,0.0,0.0,0.35051262,0.0,0.0,0.0,0.24628896
973,0.69234025,0.0,0.0,0.0,0.0,0.0,0.0,0.0,0.30765975,0.0
974,0.0,0.26087296,0.22255336,0.0,0.0,0.0,0.0,0.26850045,0.24807324,0.0
975,0.0,0.31017035,0.0,0.0,0.0,0.37028682,0.0,0.0,0.3195428,0.0
976,0.20805328,0.2001859,0.0,0.0,0.0,0.29588044,0.0,0.0,0.29588044,0.0
977,0.0,0.0,0.0,0.0,0.0,0.0,0.33806065,0.0,0.54522955,0.11670981
978,0.2186938,0.2577706,0.13327788,0.0,0.0,0.0,0.2577706,0.0,0.13248718,0.0
979,0.047783926,0.32874852,0.0,0.0,0.0,0.32874852,0.24154831,0.0,0.053170737,0.0
980,0.0,0.45413765,0.0,0.0,0.0,0.0,0.0,0.0,0.50733083,0.03853153
981,0.0,0.33847022,0.0,0.0,0.0,0.108548366,0.0,0.3285966,0.06283525,0.16154954
982,0.0,0.37661555,0.0,0.0,0.0,0.30702615,0.0,0.0,0.0,0.31635824
983,0.0,0.36909068,0.14125694,0.0,0.0,0.36909068,0.0,0.0,0.0042498237,0.1163118
984,0.077863745,0.2901161,0.0,0.045704745,0.0,0.0,0.29067612,0.0,0.29067612,0.0049631847
985,0.13070485,0.049691495,0.16644633,0.0,0.0,0.12647995,0.08212515,0.0,0.44455227,0.0
986,0.0,0.2016962,0.63834524,0.0,0.0,0.0,0.0,0.0,0.0,0.15995853
987,0.3362303,0.09879127,0.04926281,0.0,0.0,0.37302777,0.04318994,0.0,0.099497885,0.0
988,0.24503127,0.24503127,0.24503127,0.0,0.0,0.24503127,0.0,0.0,0.0,0.019874897
989,0.0,0.0,0.5480628,0.0,0.0,0.0,0.0,0.0,0.0,0.45193726
990,0.0,0.5246612,0.0,0.0,0.0,0.0,0.0,0.0,0.08212456,0.39321432
991,0.32270744,0.32270744,0.035710014,0.0,0.0,0.0,0.0,0.0,0.0,0.3188752
992,0.13230616,0.0,0.2793276,0.0,0.0,0.0,0.2255966,0.0,0.084255934,0.2785137
993,0.0,0.5,0.0,0.0,0.0,0.0,0.0,0.0,0.0,0.5
994,0.27227557,0.27227557,0.18862225,0.0,0.092387415,0.17443912,0.0,0.0,0.0,0.0
995,0.0,0.50069153,0.0,0.0,0.0,0.0,0.4993085,0.0,0.0,0.0
996,0.2603812,0.2603812,0.0,0.0,0.0,0.2603812,0.0,0.010547436,0.208309,0.0
997,0.2005276,0.2005276,0.0,0.0,0.0,0.19788969,0.2005276,0.2005276,0.0,0.0
998,0.30443922,0.20099467,0.0,0.0,0.0,0.0,0.30443922,0.0,0.19012694,0.0
999,0.050674453,0.0,0.0,0.0,0.011872685,0.49049816,0.4084887,0.0,0.0,0.03846602
